"methods","samples.theta1","samples.theta2"
"MMD",-0.672427395801991,1.00393602596072
"MMD",-0.672427395801991,1.00393602596072
"MMD",-0.672427395801991,1.00393602596072
"MMD",0.334848738180742,1.17264519099083
"MMD",0.334848738180742,1.17264519099083
"MMD",-0.857479108757387,0.395886346318196
"MMD",-0.904699146573299,0.494182083188477
"MMD",-0.670887591256191,0.926659108157148
"MMD",0.493029234374137,1.07849937559638
"MMD",-0.579209703826245,1.03610391053496
"MMD",-0.40734046985385,0.907529963984702
"MMD",-0.0391396624956931,1.13484813853225
"MMD",-0.882527644541175,0.582707116462875
"MMD",-0.562097916669193,1.10140970787973
"MMD",-0.562097916669193,1.10140970787973
"MMD",-0.294964789494179,1.32945553144472
"MMD",-0.219460552434503,1.17764268265802
"MMD",-0.294964789494179,1.32945553144472
"MMD",0.0403552183217818,1.24627986893409
"MMD",0.281868591670526,1.17079303625238
"MMD",-0.824040842244332,0.888516953225112
"MMD",0.403206579418254,1.11210063193678
"MMD",-0.539973241319325,1.13857276122406
"MMD",-0.38842989473204,1.14287033467842
"MMD",-0.38842989473204,1.14287033467842
"MMD",0.249360226670367,1.14674957203578
"MMD",0.249360226670367,1.14674957203578
"MMD",0.249360226670367,1.14674957203578
"MMD",-0.51508022624561,1.11346880051632
"MMD",-0.578338787117487,1.03862534571951
"MMD",0.26863502042405,1.38476895524214
"MMD",0.26863502042405,1.38476895524214
"MMD",0.833117356664153,0.679348455317721
"MMD",-0.104245365291578,1.24355880155235
"MMD",0.0886859581099972,1.28022349190046
"MMD",-0.211632128786594,1.14426841836133
"MMD",-0.682679654923321,1.1267724587274
"MMD",-0.682679654923321,1.1267724587274
"MMD",-0.22766406866247,1.39458740813093
"MMD",-0.22766406866247,1.39458740813093
"MMD",-0.85898050376989,0.366920699938703
"MMD",-0.85898050376989,0.366920699938703
"MMD",-0.85898050376989,0.366920699938703
"MMD",-0.879046324761489,0.504616631573148
"MMD",-0.920550252801376,0.547769641585342
"MMD",-0.675388570693629,1.10005216863957
"MMD",-0.675388570693629,1.10005216863957
"MMD",-0.675388570693629,1.10005216863957
"MMD",0.371534653350511,1.0073583011041
"MMD",-0.399192761985822,1.23678890446805
"MMD",-0.801058105426687,0.71134666546572
"MMD",0.392806639324959,1.1697396712436
"MMD",-0.0164487697377451,1.26909599686853
"MMD",-0.921847107768823,0.350777952607966
"MMD",-0.0172704312909431,1.38173316814009
"MMD",0.225307336376367,1.19882475667264
"MMD",0.225307336376367,1.19882475667264
"MMD",-0.22541033265386,1.06770749157079
"MMD",0.310216273476158,1.09736381521526
"MMD",0.310216273476158,1.09736381521526
"MMD",0.310216273476158,1.09736381521526
"MMD",0.716592173159105,0.891775552622404
"MMD",0.716592173159105,0.891775552622404
"MMD",-0.996480610362626,0.115507486881502
"MMD",-0.996480610362626,0.115507486881502
"MMD",-0.909406584116367,0.333521493094872
"MMD",-0.908727141280726,0.239628761612587
"MMD",-0.908727141280726,0.239628761612587
"MMD",0.931138850937465,0.295022364457692
"MMD",0.91729033393903,0.244865152284767
"MMD",0.91729033393903,0.244865152284767
"MMD",0.730552674507725,0.720864707510602
"MMD",-0.202681452811876,1.06409967569109
"MMD",0.387517881731818,1.06916325072045
"MMD",-0.645388345406685,0.881421921541324
"MMD",-0.789169350505479,0.846286549490655
"MMD",0.779445304769312,0.784859915359679
"MMD",0.779445304769312,0.784859915359679
"MMD",0.108931569842032,1.18027297010314
"MMD",-0.776052630219563,0.470170431580018
"MMD",-0.278179163909091,1.26777180751322
"MMD",0.574054155834503,0.927285528527625
"MMD",0.574054155834503,0.927285528527625
"MMD",-0.549846004642542,1.01986883402157
"MMD",-0.549846004642542,1.01986883402157
"MMD",-0.827682315710719,0.558990005963475
"MMD",-0.159686014736724,1.07855661186498
"MMD",-0.141291516351641,1.20841203609355
"MMD",-0.455951463475027,1.17174628900755
"MMD",-0.434910392184275,1.06519382210796
"MMD",0.327402478083968,1.30290208935079
"MMD",0.757909646992951,0.860203725755457
"MMD",0.328099462587363,1.09531256006682
"MMD",-0.918490039753007,0.433525526592401
"MMD",-0.706401422713674,0.893301695312722
"MMD",-0.918490039753007,0.433525526592401
"MMD",-0.287722532631229,0.991152231840996
"MMD",-0.879568175984064,0.661355652457484
"MMD",-0.023067992550976,1.29803515311437
"MMD",0.401339611628824,1.09217487014586
"MMD",0.401339611628824,1.09217487014586
"MMD",-0.553746226259805,0.959191948188208
"MMD",-0.224191248377055,0.971868316873956
"MMD",0.491484373584137,1.04932005715426
"MMD",-0.0031081571103404,1.14385622739979
"MMD",-0.258107167761041,1.30561756914373
"MMD",-0.468579221054664,1.21359265751547
"MMD",-0.209032098827415,1.19042080211948
"MMD",-0.135495445001246,1.30340521814065
"MMD",0.53674090568003,0.998568198961836
"MMD",-0.581585996414823,1.1499327796862
"MMD",-0.957943161742319,-0.087615287531808
"MMD",-0.957943161742319,-0.087615287531808
"MMD",0.576770253313991,0.99283522496009
"MMD",0.411823812178485,1.29797751301327
"MMD",0.576770253313991,0.99283522496009
"MMD",0.576770253313991,0.99283522496009
"MMD",0.576770253313991,0.99283522496009
"MMD",0.576770253313991,0.99283522496009
"MMD",0.0743796579581239,1.22250061588726
"MMD",0.0743796579581239,1.22250061588726
"MMD",-0.784521583735957,0.837636989328478
"MMD",-0.784521583735957,0.837636989328478
"MMD",-0.784521583735957,0.837636989328478
"MMD",-0.0248865563964852,1.19202192390139
"MMD",0.0743796579581239,1.22250061588726
"MMD",0.539095686907966,1.04591779048173
"MMD",-0.075273261963567,1.23319138894398
"MMD",-0.320797578093824,1.20413978522516
"MMD",-0.111759617324586,1.08747194748242
"MMD",-0.154892703518271,1.21884506684717
"MMD",-0.385332809545997,1.1051688262692
"MMD",-0.606942905153705,0.963085646061595
"MMD",-0.0457418373693367,1.49486019811382
"MMD",0.364451165311038,1.34366093536589
"MMD",0.827549965210273,0.712892191678799
"MMD",0.364451165311038,1.34366093536589
"MMD",0.364451165311038,1.34366093536589
"MMD",0.0889546137446615,1.34025707615137
"MMD",-0.520178165714287,1.16037521481046
"MMD",0.346443670127116,0.99229078652607
"MMD",0.540085578705199,1.2082138725171
"MMD",0.540085578705199,1.2082138725171
"MMD",0.481390708758924,0.996834540044009
"MMD",0.200831340675221,1.13874907808066
"MMD",0.540085578705199,1.2082138725171
"MMD",0.57803708668378,1.09205051575585
"MMD",0.364451165311038,1.34366093536589
"MMD",0.364451165311038,1.34366093536589
"MMD",-0.225745622413386,1.22920398472723
"MMD",-0.562013757445986,1.05660313155635
"MMD",0.453896112908469,1.33432226077884
"MMD",0.333933321775438,0.969070046058085
"MMD",0.245373201074286,1.24670815938639
"MMD",-0.773644752646507,0.901449799362917
"MMD",-0.749973333528814,0.739334427870384
"MMD",0.526055582384477,1.19444515711893
"MMD",-0.110460090992002,1.23694118660813
"MMD",0.526055582384477,1.19444515711893
"MMD",-0.286543204232992,1.21381054419456
"MMD",0.567687144523099,1.23631755809813
"MMD",-0.0137395872318336,1.25329079135267
"MMD",0.765883687188431,0.790732000118266
"MMD",-0.0137395872318336,1.25329079135267
"MMD",0.395958996380769,1.18106835380273
"MMD",0.0189833380685832,1.05422749527853
"MMD",-0.505177068332892,1.20618234364205
"MMD",0.112483596595234,1.26935901920623
"MMD",0.801319452800549,0.93056099712602
"MMD",-0.805192353669554,0.862199049269301
"MMD",-0.0552277429318055,1.24922611011279
"MMD",-0.805192353669554,0.862199049269301
"MMD",-0.420105849581944,1.19428166160178
"MMD",-0.773391318696631,0.534687142596305
"MMD",-0.805192353669554,0.862199049269301
"MMD",-0.805192353669554,0.862199049269301
"MMD",-0.563937580343237,0.806513322809586
"MMD",0.821102255756837,0.588001261166533
"MMD",-0.805192353669554,0.862199049269301
"MMD",-0.805192353669554,0.862199049269301
"MMD",-0.230717886138385,1.32720105452881
"MMD",-0.805192353669554,0.862199049269301
"MMD",-0.494004530061899,1.03155774831422
"MMD",-0.501788346812705,0.913949200703229
"MMD",-0.926226022355878,0.183018900571522
"MMD",-0.805192353669554,0.862199049269301
"MMD",-0.252140263353876,0.994512299887241
"MMD",-0.741607958938793,0.898212947576317
"MMD",-0.741607958938793,0.898212947576317
"MMD",0.49880171627062,1.17336811455116
"MMD",0.388212724231646,1.3327792311019
"MMD",0.49880171627062,1.17336811455116
"MMD",0.511266450239827,1.12541109581085
"MMD",-0.721423695004105,0.844420585552738
"MMD",-0.696380846821991,1.00283404741636
"MMD",-0.696380846821991,1.00283404741636
"MMD",-0.530593630661077,1.05341933503383
"MMD",0.739747918412644,0.902810877193077
"MMD",-0.6842608338529,0.863759247273565
"MMD",0.686915218603839,0.903952625893797
"MMD",0.724589536080218,0.742374350817622
"MMD",-0.638404754593353,1.00276987351409
"MMD",0.686915218603839,0.903952625893797
"MMD",0.887890981827735,0.332878203429625
"MMD",-0.730611072720543,0.69190906751106
"MMD",-0.675770855761299,1.01115783091261
"MMD",-0.730611072720543,0.69190906751106
"MMD",-0.362928381792441,1.24701830293944
"MMD",0.778145848944243,0.862948471277967
"MMD",0.419877032706453,1.04537044914482
"MMD",0.419877032706453,1.04537044914482
"MMD",-0.486687858184669,1.08248505944843
"MMD",0.153842276874376,1.20375603542608
"MMD",-0.581559049194812,1.11085407992381
"MMD",-0.484335266298443,1.21188201260561
"MMD",0.0604357171545178,1.33616720725012
"MMD",0.412851892757808,1.0123756897166
"MMD",0.456512363271425,1.19173493393379
"MMD",-0.267252727930468,1.10781588204993
"MMD",0.0188906930238024,1.24597119437609
"MMD",0.153274666194832,1.08117048194533
"MMD",0.438218899243956,1.13268005074734
"MMD",-0.0177423211711245,1.17493338947943
"MMD",0.145328772637375,1.12835739268087
"MMD",-0.935120705875589,0.577319004181572
"MMD",-0.691213437641765,0.833421117486627
"MMD",-0.688533573130561,0.951173434474633
"MMD",0.188654456145585,1.06931721864236
"MMD",0.299907178089152,1.00617010070657
"MMD",0.596060859235082,0.794003159945875
"MMD",0.656050988054435,0.802189528719569
"MMD",0.96101145239551,0.191507142124788
"MMD",0.315904092084261,1.39442744724035
"MMD",0.216661269140795,1.35210931761022
"MMD",-0.443918635578389,1.19238090742491
"MMD",-0.0591996137857949,1.18899833775387
"MMD",0.0677734129015921,1.18581362975333
"MMD",0.922424274863985,0.523293602864525
"MMD",0.922424274863985,0.523293602864525
"MMD",0.922424274863985,0.523293602864525
"MMD",-0.888545056045038,0.467892240334938
"MMD",-0.888545056045038,0.467892240334938
"MMD",0.13242683512002,1.02911850249293
"MMD",0.183816173567629,1.17642114060724
"MMD",-0.153266826399113,1.20412997844783
"MMD",0.17722576549086,1.29377769575567
"MMD",0.0815563120142695,1.38642591618074
"MMD",-0.964375007074465,-0.3757353389875
"MMD",-0.953176198266428,-0.257442918292249
"MMD",-0.964375007074465,-0.3757353389875
"MMD",0.767119320648362,0.829334294127388
"MMD",0.767119320648362,0.829334294127388
"MMD",0.504017823180709,1.02983546746958
"MMD",0.811886923516606,0.69713607728829
"MMD",0.504017823180709,1.02983546746958
"MMD",0.40378313081156,1.33024757030176
"MMD",0.504017823180709,1.02983546746958
"MMD",-0.800240294076433,0.58437308346596
"MMD",0.655323866360149,0.778715461228204
"MMD",-0.800240294076433,0.58437308346596
"MMD",-0.772077985061601,0.6874615140067
"MMD",-0.772077985061601,0.6874615140067
"MMD",-0.631792584452438,0.943936729240383
"MMD",-0.720041843493005,0.77410029790306
"MMD",-0.720041843493005,0.77410029790306
"MMD",-0.15309619057104,1.21329021057132
"MMD",0.299521564419134,1.23913532267033
"MMD",0.120687036888063,1.31872213263636
"MMD",0.67510080598934,0.982863048513129
"MMD",0.685464779422538,0.969844351394522
"MMD",0.151299544783523,1.07967128937574
"MMD",-0.251654255580441,1.11893796694742
"MMD",0.820551706164261,0.331638804140176
"MMD",0.820551706164261,0.331638804140176
"MMD",0.845829099104176,0.4405738936267
"MMD",0.812234332861506,0.620464489618261
"MMD",-0.470256441682437,0.994966872526631
"MMD",0.100992443554256,1.438859503722
"MMD",0.360476005145307,1.32374933719403
"MMD",0.64900878562788,1.10473068730502
"MMD",0.377172897309384,1.10689484564361
"MMD",0.0697105666818481,1.27194902317132
"MMD",0.539789183575718,1.21325762960348
"MMD",-0.52551691724369,1.056471254164
"MMD",-0.379711865454381,1.15776119486196
"MMD",-0.699421872663619,0.801967530795168
"MMD",-0.179844227875345,1.33170222956731
"MMD",0.677890360135149,0.935330466413978
"MMD",0.0096815582659561,1.0254148777068
"MMD",-0.241489719194713,1.15253146066236
"MMD",-0.0980828469161868,1.15894503963273
"MMD",0.218549883459876,1.16402701993416
"MMD",-0.398608945677491,1.2885994460902
"MMD",0.350926328181838,1.19617079364212
"MMD",-0.0910930630917815,1.36374141171675
"MMD",-0.247214396112277,1.3221438743566
"MMD",-0.262271104856785,1.30398658037071
"MMD",0.496157812747879,0.916144438783316
"MMD",0.133569336250347,1.38730285716709
"MMD",0.106997561404284,1.08556775436005
"MMD",-0.0681078084768829,1.12305836396121
"MMD",0.389154819757087,1.15841671700727
"MMD",0.420625614853416,1.08893173768772
"MMD",-0.745832133864943,0.98045160558544
"MMD",-0.745832133864943,0.98045160558544
"MMD",-0.807090901408856,0.957262136856861
"MMD",-0.807090901408856,0.957262136856861
"MMD",-0.807090901408856,0.957262136856861
"MMD",-0.786678694543966,0.839561012680599
"MMD",-0.596465774665084,0.906906365066825
"MMD",0.480166005436647,1.12807245834464
"MMD",-0.522939022150173,1.1248117653847
"MMD",-0.256781786709657,1.13642037280638
"MMD",0.530725275101024,1.04123288172453
"MMD",0.443059613694633,1.21150577732859
"MMD",0.630595280347179,0.923793318180014
"MMD",0.630595280347179,0.923793318180014
"MMD",-0.14407971996359,1.2319293259073
"MMD",-0.219545278795795,1.25109801246697
"MMD",-0.391767215632029,1.11436533172373
"MMD",0.727319204248488,0.586929130712286
"MMD",0.727319204248488,0.586929130712286
"MMD",0.727319204248488,0.586929130712286
"MMD",0.713236019409211,0.928955060950041
"MMD",0.818487829159168,0.921339990799319
"MMD",0.727319204248488,0.586929130712286
"MMD",0.727319204248488,0.586929130712286
"MMD",-0.381366886707347,1.08018155011748
"MMD",0.196481206927735,1.2089499786372
"MMD",0.00630141326418124,1.22224583707168
"MMD",-0.720180096093287,0.835369801653838
"MMD",-0.0966232121978478,1.21474709563797
"MMD",-0.287461449014542,1.13467387397671
"MMD",0.511506756056931,0.950378084194415
"MMD",-0.0382327928233901,1.3841083709653
"MMD",0.136513473950361,1.10462514083772
"MMD",-0.209364902635767,1.1661557679125
"MMD",-0.209364902635767,1.1661557679125
"MMD",-0.556847144349925,0.971978318158427
"MMD",-0.556847144349925,0.971978318158427
"MMD",-0.00962897479854835,1.14794372031971
"MMD",-0.323786211396512,1.24226141025613
"MMD",-0.113302308966756,1.03506418433614
"MMD",-0.0774831064736913,1.25452051924556
"MMD",0.244689321511268,1.10325207842898
"MMD",-0.225822335118286,1.18589374203561
"MMD",-0.15736475423517,1.13189459707574
"MMD",-0.401665921997613,1.06812085144676
"MMD",0.246051508692898,1.24142088371277
"MMD",-0.298407473996195,1.29766658452533
"MMD",0.240921071868611,1.19494230150481
"MMD",0.106912747730627,1.16425106303476
"MMD",0.106912747730627,1.16425106303476
"MMD",-0.299809438867853,1.25631632437705
"MMD",0.260042624368629,0.965005758269562
"MMD",-0.0374325446639721,1.21669255293967
"MMD",-0.46797480264424,1.20140476913558
"MMD",-0.45830933106831,1.25601084288253
"MMD",-0.46797480264424,1.20140476913558
"MMD",-0.237644863883565,1.2143736064895
"MMD",-0.46797480264424,1.20140476913558
"MMD",-0.810804978563818,0.962308123675098
"MMD",-0.810804978563818,0.962308123675098
"MMD",-0.522802391604137,1.04539140088201
"MMD",-0.522802391604137,1.04539140088201
"MMD",-0.522802391604137,1.04539140088201
"MMD",-0.752069120741906,0.844086016725699
"MMD",-0.752069120741906,0.844086016725699
"MMD",0.0161030839403558,1.34833764298199
"MMD",-0.444809534586592,0.97433556820756
"MMD",0.454836594616908,1.09490969382113
"MMD",-0.703343095592732,0.778762164035243
"MMD",-0.723126063380984,1.05606950544623
"MMD",-0.821219443808176,0.775298696332381
"MMD",-0.831974616527792,0.971944458564881
"MMD",0.621694859088039,0.82872133591874
"MMD",-0.237191343221666,1.02376483861136
"MMD",-0.70516061006696,0.866075340799348
"MMD",-0.388900216338807,1.11068419296397
"MMD",0.38199281563615,1.25214372443441
"MMD",0.288516417311558,1.14622937574145
"MMD",0.573703159793603,0.889779594204011
"MMD",0.62291092995345,1.12148161067742
"MMD",0.577352332491387,1.12612050908399
"MMD",0.899256680626422,0.724883119154734
"MMD",0.899256680626422,0.724883119154734
"MMD",0.899256680626422,0.724883119154734
"MMD",0.899256680626422,0.724883119154734
"MMD",0.899256680626422,0.724883119154734
"MMD",0.548094345437299,1.19127073816314
"MMD",0.543943575814595,1.0174449040929
"MMD",0.727967917418473,1.01564213243332
"MMD",0.608799491518752,1.18728467453579
"MMD",-0.044566438845292,1.34039895109372
"MMD",0.0669578393189058,1.22379581007987
"MMD",0.0669578393189058,1.22379581007987
"MMD",-0.461700392544639,1.1867113694071
"MMD",-0.222505146977657,0.961574281773763
"MMD",0.798762232776677,0.692938169464319
"MMD",0.798762232776677,0.692938169464319
"MMD",0.798762232776677,0.692938169464319
"MMD",-0.519655000270818,1.21348812405011
"MMD",0.485795140590462,1.01628794030704
"MMD",0.485795140590462,1.01628794030704
"MMD",0.735164264897603,0.909649691967767
"MMD",0.535481414863135,0.986221947282212
"MMD",0.335167850260842,1.00024025756061
"MMD",0.882858208241044,0.544145252471038
"MMD",0.335167850260842,1.00024025756061
"MMD",0.467816456591827,0.990699186950484
"MMD",0.467816456591827,0.990699186950484
"MMD",0.79943844670224,0.883199872930824
"MMD",0.415338659455057,1.13990543185581
"MMD",0.546540631795402,0.816778855641804
"MMD",-0.854155401448639,0.660077896697622
"MMD",-0.854155401448639,0.660077896697622
"MMD",-0.882524970245686,0.656245095700045
"MMD",-0.882524970245686,0.656245095700045
"MMD",-0.882524970245686,0.656245095700045
"MMD",0.71514939557056,0.768901345095064
"MMD",0.0843540918496322,1.28718597885678
"MMD",0.639428866125189,1.07944123642917
"MMD",0.671507861268973,0.877942411911547
"MMD",0.0546711433412425,1.34678398568139
"MMD",0.63771148048872,0.967769912415536
"MMD",-0.108930797267377,1.355565031881
"MMD",-0.0105582389578829,1.11256444283587
"MMD",0.812932307327736,0.940130073835492
"MMD",0.809871733167123,0.86594149486755
"MMD",0.209457467310131,1.33266965817819
"MMD",0.209457467310131,1.33266965817819
"MMD",-0.614597164075335,1.31162956155678
"MMD",-0.0186353945350629,1.15212801344993
"MMD",0.110126872287608,1.07405248910111
"MMD",-0.315559621720779,1.14410995544487
"MMD",-0.315559621720779,1.14410995544487
"MMD",0.320812287790617,1.27710043669698
"MMD",-0.432085542794232,1.16780653224877
"MMD",-0.424945855108524,1.2759704299177
"MMD",-0.358528764814082,1.00529752420076
"MMD",0.756056137449038,0.839437300458468
"MMD",-0.44879442082583,1.33440535817603
"MMD",-0.682752532190097,0.814136691104465
"MMD",-0.783596722828688,0.713335516035297
"MMD",-0.963247694624372,0.3785415943495
"MMD",-0.858770130590292,0.575750063166282
"MMD",0.777065161558596,0.751029210610316
"MMD",0.777065161558596,0.751029210610316
"MMD",0.777065161558596,0.751029210610316
"MMD",-0.175202712543375,1.39430633256518
"MMD",-0.175202712543375,1.39430633256518
"MMD",-0.175202712543375,1.39430633256518
"MMD",-0.281459496785201,1.28290126601032
"MMD",-0.175202712543375,1.39430633256518
"MMD",0.310398968714279,1.31097570880323
"MMD",0.262571928601752,1.28931023837597
"MMD",-0.690044623668756,0.701789634137511
"MMD",-0.705545307855461,1.00034178602099
"MMD",-0.690044623668756,0.701789634137511
"MMD",-0.918779466746109,0.226591968652757
"MMD",0.673869123411866,0.771546264684445
"MMD",-0.862117265570259,0.63304405578968
"MMD",-0.218655514778014,0.976213298374749
"MMD",-0.612322316522712,0.828601169911303
"MMD",-0.236056387779855,1.23877144390014
"MMD",0.111909066148869,1.21940406314494
"MMD",-0.819465116126284,0.745896270332964
"MMD",0.675585997023869,1.04938263826755
"MMD",0.675585997023869,1.04938263826755
"MMD",-0.807592067198437,0.53788103130548
"MMD",-0.942356348030061,0.276277905120025
"MMD",-0.942356348030061,0.276277905120025
"MMD",0.443747792877662,1.13275626750872
"MMD",-0.459900691269515,1.10707419949403
"MMD",-0.732652768435372,0.934397580756847
"MMD",-0.92175705446865,0.466410700407292
"MMD",-0.833770788617181,0.702489043981615
"MMD",0.480290133315729,1.03616971692553
"MMD",0.524035692645907,1.19127874232858
"MMD",0.152482533616674,1.11231851382715
"MMD",0.152482533616674,1.11231851382715
"MMD",-0.178057287611193,1.08368381463313
"MMD",-0.417198393396766,0.978685856299377
"MMD",0.669586881479309,0.95541052597198
"MMD",0.33578286770263,1.29588678422666
"MMD",0.482640283586401,1.199321441393
"MMD",0.33578286770263,1.29588678422666
"MMD",0.363558819855759,1.00239137425208
"MMD",0.801770760828955,0.637784585051551
"MMD",-0.188169535373499,1.0950518633059
"MMD",0.354274151468865,1.27916161286917
"MMD",-0.37361423266755,0.983080610063344
"MMD",0.471253962340376,1.07411366160381
"MMD",-0.0452379480921264,1.30176714276608
"MMD",0.369109982387318,1.32461367449985
"MMD",0.168374612512876,1.25141790194389
"MMD",0.692897830732051,0.987927808971031
"MMD",-0.968222762393597,-0.0371513285972091
"MMD",-0.968222762393597,-0.0371513285972091
"MMD",-0.938863799273938,0.371583728853108
"MMD",-0.938863799273938,0.371583728853108
"MMD",-0.818026523175426,0.67785165104188
"MMD",-0.68833864363849,1.02332428931491
"MMD",-0.23410335998439,1.02003298703616
"MMD",-0.713393129771027,0.793594579118793
"MMD",-0.036149699333606,1.05873970395479
"MMD",-0.806454143067399,0.596197091240488
"MMD",-0.696212596472132,0.772663673969484
"MMD",-0.718652672420369,0.662724932974417
"MMD",0.938100411556661,0.402007783382244
"MMD",0.684573438215785,0.71501746739551
"MMD",0.938100411556661,0.402007783382244
"MMD",0.911767402839973,0.103970975704272
"MMD",0.938100411556661,0.402007783382244
"MMD",0.938100411556661,0.402007783382244
"MMD",0.938100411556661,0.402007783382244
"MMD",0.938100411556661,0.402007783382244
"MMD",0.937886923966444,0.572428895299064
"MMD",0.938100411556661,0.402007783382244
"MMD",0.951831054653521,0.283073677698858
"MMD",0.616599124115468,0.726104156563822
"MMD",0.812013173738227,0.62449939730619
"MMD",-0.757703081294707,0.927400902530093
"MMD",0.701405877106825,0.954840557156513
"MMD",0.246285870932411,1.17004363435294
"MMD",0.676241135622463,0.97415431310322
"MMD",0.734801446158636,0.759460072293013
"MMD",0.400725851594875,1.07881982818272
"MMD",0.734801446158636,0.759460072293013
"MMD",0.734801446158636,0.759460072293013
"MMD",0.734801446158636,0.759460072293013
"MMD",0.719236681578301,0.920419657785828
"MMD",-0.210368455484829,1.07022524414739
"MMD",0.259580482323089,1.0561942043774
"MMD",-0.49557949068388,0.947180183936152
"MMD",0.26804326291749,1.35311600570968
"MMD",0.0295005664229393,1.17414230844829
"MMD",-0.81958962176426,0.786569899393722
"MMD",-0.718108305443973,1.07633858845106
"MMD",-0.718108305443973,1.07633858845106
"MMD",-0.554798745456355,1.02886079927644
"MMD",0.127385279571722,1.11029900464441
"MMD",-0.757202351956931,0.856021231814279
"MMD",-0.439924103455413,1.08271328564641
"MMD",-0.716131836089264,0.912625012459669
"MMD",0.889298112537247,0.533646450402653
"MMD",0.888081801133658,0.470578650027708
"MMD",0.50431241884375,0.950908696734117
"MMD",0.884228542400305,0.626446726822522
"MMD",0.601215666508425,1.03064944755034
"MMD",0.654922241044601,1.01975792913964
"MMD",0.654922241044601,1.01975792913964
"MMD",0.654922241044601,1.01975792913964
"MMD",0.177233780605843,1.29323027657349
"MMD",0.654922241044601,1.01975792913964
"MMD",-0.554963115745262,0.924568907818594
"MMD",-0.554963115745262,0.924568907818594
"MMD",-0.211591071883921,1.02010884082435
"MMD",-0.725652151327178,0.751205066330824
"MMD",0.338989054407922,1.3009261387746
"MMD",-0.787743650504508,0.631580529842389
"MMD",0.120028757024556,1.13588298933108
"MMD",0.442071539799919,1.39227861010905
"MMD",0.442071539799919,1.39227861010905
"MMD",0.442071539799919,1.39227861010905
"MMD",-0.707224485792482,0.926529205103318
"MMD",-0.140823303625117,0.97758138236939
"MMD",-0.168182362831403,1.29678220204116
"MMD",-0.222595418123296,1.34002656753737
"MMD",-0.459823404427631,1.11466158745559
"MMD",0.0530394333505324,1.12443959486961
"MMD",0.0356493698349016,1.19109825102254
"MMD",0.120028757024556,1.13588298933108
"MMD",0.120028757024556,1.13588298933108
"MMD",0.57486938031472,1.17966224500307
"MMD",0.558810771731684,1.03634760953711
"MMD",-0.0491114878338401,1.27590983769809
"MMD",0.354155013158016,1.15764693108409
"MMD",-0.138862611949636,1.13736940873717
"MMD",-0.138862611949636,1.13736940873717
"MMD",-0.432605450492597,1.19564309037449
"MMD",-0.791339185999635,0.787725887796808
"MMD",-0.0858107739927311,1.28684326915974
"MMD",-0.00558617017579655,1.41971712723252
"MMD",0.298179356468007,1.2386568122163
"MMD",-0.31596384228473,1.1526657551142
"MMD",-0.329994208356202,1.1494988162874
"MMD",-0.512605056676845,1.07292640978345
"MMD",-0.913700197834864,0.544617668533119
"MMD",-0.749324070957989,0.895881159588619
"MMD",0.706574067939073,0.854978762560334
"MMD",0.706574067939073,0.854978762560334
"MMD",0.942552281739541,0.00216615829365507
"MMD",0.706574067939073,0.854978762560334
"MMD",0.365095113855892,1.22075717025651
"MMD",0.706574067939073,0.854978762560334
"MMD",0.111747307306148,1.18804461182508
"MMD",0.358372628935677,1.09724299594906
"MMD",-0.384885601500714,1.1296534691008
"MMD",0.176712264015228,1.29888046713544
"MMD",-0.462750002685784,1.10871913930634
"MMD",-0.462750002685784,1.10871913930634
"MMD",-0.462750002685784,1.10871913930634
"MMD",-0.216914446840377,1.18191411050174
"MMD",0.649683155183262,0.982535528270186
"MMD",-0.863452524878085,0.801677175020865
"MMD",-0.863452524878085,0.801677175020865
"MMD",-0.863452524878085,0.801677175020865
"MMD",-0.954622185527703,0.416686688709828
"MMD",-0.863452524878085,0.801677175020865
"MMD",0.723432919633741,0.706008161178406
"MMD",0.530409490094213,0.875028459111163
"MMD",0.530409490094213,0.875028459111163
"MMD",0.246993974086025,1.09104370299426
"MMD",0.27094455254773,1.42915247582864
"MMD",-0.863452524878085,0.801677175020865
"MMD",-0.863452524878085,0.801677175020865
"MMD",-0.842573660543321,0.678413217493767
"MMD",-0.881161403322613,0.47351038535359
"MMD",-0.89950582874718,0.815358017411096
"MMD",-0.809984326051016,0.680677600007171
"MMD",-0.809984326051016,0.680677600007171
"MMD",-0.809984326051016,0.680677600007171
"MMD",-0.809984326051016,0.680677600007171
"MMD",-0.809984326051016,0.680677600007171
"MMD",-0.0553483328443279,1.16710329203367
"MMD",-0.0553483328443279,1.16710329203367
"MMD",-0.0553483328443279,1.16710329203367
"MMD",-0.254569607982243,1.04184118856421
"MMD",0.380731972108337,1.22771038929962
"MMD",0.0822889118013516,1.40792223401961
"MMD",-0.736033441462704,0.991958159135141
"MMD",-0.674844014333503,1.05294890331101
"MMD",-0.736033441462704,0.991958159135141
"MMD",-0.56684202954013,1.15232689157757
"MMD",-0.790974066101288,0.878279226000225
"MMD",-0.573056712841528,0.918000615645682
"MMD",-0.70474609325598,0.907495616929244
"MMD",0.014126716825466,1.38909227944678
"MMD",0.427150707718968,1.19963214050891
"MMD",0.608764016711774,1.0151937396969
"MMD",0.608764016711774,1.0151937396969
"MMD",0.478388797968907,1.02122945485865
"MMD",0.512581240326093,0.963204613299752
"MMD",0.922262494688782,0.707449057224533
"MMD",-0.511790818768528,0.983762386890544
"MMD",0.770448066921038,0.868851143425008
"MMD",0.868503036446432,0.734639969313914
"MMD",0.19361931072453,1.2087543218141
"MMD",0.868503036446432,0.734639969313914
"MMD",0.868503036446432,0.734639969313914
"MMD",-0.521321793382366,1.14482271625881
"MMD",-0.694633004911109,0.891009318489625
"MMD",-0.369699412863612,1.09763217816861
"MMD",0.563987174848764,0.866625523031619
"MMD",-0.612326476098155,1.05245536224171
"MMD",0.571390121386602,0.843642384387834
"MMD",0.623104435902312,1.16063963835678
"MMD",0.857224937325521,0.462022612286461
"MMD",0.540968824833176,1.02078318463608
"MMD",0.540968824833176,1.02078318463608
"MMD",0.214480595406403,1.25249671128682
"MMD",-0.0671203814634553,1.48798811966344
"MMD",-0.12997960071455,1.33110383983327
"MMD",0.426157387806993,1.22267205434036
"MMD",-0.705396150026275,1.07777699198016
"MMD",0.83447717083618,0.730802382091623
"MMD",0.678774066968004,0.833602798962721
"MMD",0.83447717083618,0.730802382091623
"MMD",0.718154568290772,0.669409052817903
"MMD",-0.278616940230817,1.17122574717097
"MMD",0.83447717083618,0.730802382091623
"MMD",0.83447717083618,0.730802382091623
"MMD",0.83447717083618,0.730802382091623
"MMD",0.831923188092271,0.514816073781536
"MMD",0.83447717083618,0.730802382091623
"MMD",0.83447717083618,0.730802382091623
"MMD",0.45005776927597,1.02474154213129
"MMD",0.83447717083618,0.730802382091623
"MMD",0.364641494143747,1.14148133064624
"MMD",0.83447717083618,0.730802382091623
"MMD",-0.157641057553788,1.03097239434567
"MMD",-0.63082446850628,0.905718662366823
"MMD",-0.807776455462546,0.619834009700789
"MMD",-0.775371382023053,0.709248558477099
"MMD",-0.711429151943584,0.800174085094954
"MMD",-0.773264436611408,0.807280583388065
"MMD",-0.892922797525882,0.375600282664024
"MMD",-0.882652807985146,0.490463552594754
"MMD",-0.841006929744076,0.615148053165066
"MMD",-0.89437855327584,0.175467879268172
"MMD",0.28545582836985,1.24638407950522
"MMD",-0.104538011364639,1.10879071901156
"MMD",-0.104538011364639,1.10879071901156
"MMD",-0.104538011364639,1.10879071901156
"MMD",-0.109055810191089,1.38045584711689
"MMD",-0.104538011364639,1.10879071901156
"MMD",-0.104538011364639,1.10879071901156
"MMD",-0.104538011364639,1.10879071901156
"MMD",-0.448445301359824,1.16937563682269
"MMD",-0.54400919918722,0.986713797823999
"MMD",-0.733060355088881,0.859823825724987
"MMD",0.349100953978366,1.13082119076558
"MMD",-0.104538011364639,1.10879071901156
"MMD",0.373745917989132,1.23015492231998
"MMD",0.365252713066644,1.11513687278602
"MMD",-0.9815241121687,-0.424001043946156
"MMD",-0.988426200591556,-0.290320448183208
"MMD",-0.968898856956501,-0.319158336140712
"MMD",-0.9815241121687,-0.424001043946156
"MMD",-0.910748604475465,0.117173279904208
"MMD",-0.9815241121687,-0.424001043946156
"MMD",-0.9815241121687,-0.424001043946156
"MMD",-0.9815241121687,-0.424001043946156
"MMD",-0.94972739684816,-0.241919366394047
"MMD",-0.9815241121687,-0.424001043946156
"MMD",-0.9815241121687,-0.424001043946156
"MMD",-0.9815241121687,-0.424001043946156
"MMD",-0.9815241121687,-0.424001043946156
"MMD",-0.9815241121687,-0.424001043946156
"MMD",-0.959961263181751,-0.249404955670873
"MMD",-0.9815241121687,-0.424001043946156
"MMD",-0.9815241121687,-0.424001043946156
"MMD",-0.9815241121687,-0.424001043946156
"MMD",-0.9815241121687,-0.424001043946156
"MMD",-0.974538673990056,-0.490080046107873
"MMD",-0.884387215133756,0.612430890927729
"MMD",-0.884387215133756,0.612430890927729
"MMD",-0.884387215133756,0.612430890927729
"MMD",0.728913288210879,1.00800622013502
"MMD",-0.884387215133756,0.612430890927729
"MMD",-0.884387215133756,0.612430890927729
"MMD",-0.884387215133756,0.612430890927729
"MMD",-0.884387215133756,0.612430890927729
"MMD",-0.884387215133756,0.612430890927729
"MMD",-0.0944623782761671,1.09759385381044
"MMD",-0.884387215133756,0.612430890927729
"MMD",-0.884387215133756,0.612430890927729
"MMD",-0.884387215133756,0.612430890927729
"MMD",0.240072636616863,1.10720113591706
"MMD",0.240072636616863,1.10720113591706
"MMD",-0.385813787398446,1.34501641012898
"MMD",-0.3938130402487,1.07652654596841
"MMD",0.481275031326638,1.35474971970287
"MMD",-0.99657225434927,-0.238242874325662
"MMD",-0.917790866818072,0.374282776359564
"MMD",-0.93345743199476,0.128232908501328
"MMD",-0.505870624644786,1.04367049647531
"MMD",-0.329150654485278,1.11215367265072
"MMD",-0.575147302782273,1.17822416448776
"MMD",-0.575147302782273,1.17822416448776
"MMD",-0.244820631939333,1.1264827270552
"MMD",0.530588717469048,1.02365863730676
"MMD",-0.342730734796405,1.28417812244282
"MMD",-0.184463707642365,1.08096857058993
"MMD",-0.0643265148736465,1.30653588742528
"MMD",-0.0643265148736465,1.30653588742528
"MMD",-0.220760041476348,1.32443128944616
"MMD",0.7854138632773,0.673923826013124
"MMD",-0.064811891301403,1.32687661002186
"MMD",0.62047283788063,1.16154245723429
"MMD",0.389680279726227,0.963181660566379
"MMD",0.389680279726227,0.963181660566379
"MMD",-0.0632590364405659,1.34280851143113
"MMD",-0.511922050427633,0.901106910791693
"MMD",-0.511922050427633,0.901106910791693
"MMD",-0.437565096326458,1.03672399161235
"MMD",0.0640955695939349,1.24617461541255
"MMD",-0.444278585585319,1.08363173599603
"MMD",-0.0296616441532683,1.29430814935842
"MMD",-0.410189028012933,1.14180889033652
"MMD",-0.0347971878914636,1.10574503329859
"MMD",0.645836528007692,1.19318134389686
"MMD",-0.0423897592042698,1.25297614202087
"MMD",-0.119463422335684,1.35075290136692
"MMD",-0.119463422335684,1.35075290136692
"MMD",-0.119463422335684,1.35075290136692
"MMD",-0.119463422335684,1.35075290136692
"MMD",-0.119463422335684,1.35075290136692
"MMD",-0.119463422335684,1.35075290136692
"MMD",-0.119463422335684,1.35075290136692
"MMD",-0.119463422335684,1.35075290136692
"MMD",-0.0830002711631187,1.26589985492621
"MMD",-0.574499605180086,1.11955025144238
"MMD",-0.164043660070769,1.30873366378296
"MMD",-0.77466511576873,0.839055502189336
"MMD",0.0868639967752982,1.02680445548757
"MMD",-0.187179577371066,1.38330435421503
"MMD",-0.620854226408824,1.1222221931244
"MMD",-0.782285279951706,0.898296809825016
"MMD",-0.819511198014654,0.707367467158096
"MMD",-0.476101957527617,1.15343380713687
"MMD",-0.795886308291346,0.797828766294086
"MMD",-0.245324689776897,1.19947045925664
"MMD",-0.447119901087569,1.2646383147527
"MMD",-0.447119901087569,1.2646383147527
"MMD",-0.447119901087569,1.2646383147527
"MMD",0.0597749103432146,0.980613589663287
"MMD",0.737418921383447,0.753256239504436
"MMD",0.0597749103432146,0.980613589663287
"MMD",-0.0712111453620546,1.3348782656125
"MMD",0.368671120287055,0.959527449185132
"MMD",-0.750129565332244,0.99559755190573
"MMD",-0.750129565332244,0.99559755190573
"MMD",-0.300462529157927,1.15526888600472
"MMD",-0.850470655090207,0.532562646840042
"MMD",-0.850470655090207,0.532562646840042
"MMD",0.161497038259509,1.44170818439125
"MMD",-0.497738901246133,1.19643820485443
"MMD",-0.497738901246133,1.19643820485443
"MMD",-0.665931288244617,1.06639307972676
"MMD",0.113148859433661,1.3005518858488
"MMD",-0.817629075731092,0.760593938359604
"MMD",-0.806638329824116,0.625672872930281
"MMD",-0.844810351168155,0.612142577466373
"MMD",0.509562764116575,1.23792629302488
"MMD",0.561040646260714,1.07233247129646
"MMD",-0.0111524324798547,1.15247421265278
"MMD",0.837259710940408,0.89079060862474
"MMD",-0.16066500993106,0.98746368107459
"MMD",0.239187712425173,1.05999843200295
"MMD",-0.952763272899685,0.637890290016096
"MMD",-0.824017905758825,0.656611508137377
"MMD",-0.703549284344154,0.735652704093235
"MMD",-0.774897112745201,0.835090538535154
"MMD",-0.568418008784626,1.11878514676064
"MMD",-0.313151497811295,1.23733686229826
"MMD",-0.113224651670542,1.42420402827132
"MMD",-0.113224651670542,1.42420402827132
"MMD",-0.371270834946243,1.17719718669189
"MMD",0.960054442799732,0.0017328257560314
"MMD",0.78683218901723,0.662997044878528
"MMD",-0.922228436608261,0.261240278012051
"MMD",-0.743114944579651,0.833160165376345
"MMD",-0.786263349910551,0.564609119638968
"MMD",-0.922228436608261,0.261240278012051
"MMD",-0.922228436608261,0.261240278012051
"MMD",-0.922228436608261,0.261240278012051
"MMD",-0.922228436608261,0.261240278012051
"MMD",-0.922228436608261,0.261240278012051
"MMD",-0.683385761948014,0.838969247796903
"MMD",-0.415709531243738,1.07698299052385
"MMD",-0.521268255995474,1.0577243322251
"MMD",-0.660316240413352,0.881047563244026
"MMD",-0.760094397421414,0.89197473398193
"MMD",0.564444851212771,1.07600617259452
"MMD",0.599299303366384,1.0542202430772
"MMD",0.461849511709173,0.863344894307196
"MMD",0.461849511709173,0.863344894307196
"MMD",0.461849511709173,0.863344894307196
"MMD",-0.703787757201616,0.734641331892662
"MMD",0.461849511709173,0.863344894307196
"MMD",-0.861735260261399,0.374506121823318
"MMD",-0.504787101461783,0.984016942794997
"MMD",-0.652616271323438,0.889794608183064
"MMD",-0.504787101461783,0.984016942794997
"MMD",-0.504787101461783,0.984016942794997
"MMD",-0.504787101461783,0.984016942794997
"MMD",-0.864554624681633,0.471534763689981
"MMD",-0.730244825279481,0.893873604551736
"MMD",0.717037689146373,0.765725411496111
"MMD",0.76742356609637,1.0037772830764
"MMD",0.859558608256505,0.639523794327856
"MMD",0.839079018407038,0.72084543839614
"MMD",0.524022020978592,0.868095992986613
"MMD",0.839079018407038,0.72084543839614
"MMD",0.839079018407038,0.72084543839614
"MMD",0.839079018407038,0.72084543839614
"MMD",-0.940748136153739,0.413579632483139
"MMD",-0.933749738312099,0.114686979950405
"MMD",-0.901303355727415,0.0909700314562812
"MMD",-0.933749738312099,0.114686979950405
"MMD",-0.882218760283676,0.503237494451744
"MMD",-0.933749738312099,0.114686979950405
"MMD",-0.763592650096407,0.932274484401399
"MMD",-0.625181475964443,0.747410712280254
"MMD",-0.255295712395661,1.27187054584012
"MMD",-0.324692522973182,1.24387755329334
"MMD",-0.136075092749565,1.19759366880903
"MMD",-0.349464293335429,1.1988046699661
"MMD",-0.189015139922684,1.25349435232974
"MMD",-0.372288529933561,1.12370153138504
"MMD",-0.0332233578227563,1.27962333835013
"MMD",-0.743632706799701,0.95522184597172
"MMD",-0.646996947922682,0.968955537014087
"MMD",-0.501044702222099,1.09069601540606
"MMD",-0.0751024746893365,1.11550922754441
"MMD",0.829511082981629,0.550484499695833
"MMD",-0.642201540566573,1.05090755567905
"MMD",-0.501044702222099,1.09069601540606
"MMD",-0.524010466272754,1.24946240282679
"MMD",-0.0944478679387226,1.33203957271125
"MMD",-0.543914766479328,1.11750165798396
"MMD",-0.323876987538452,1.40288579636337
"MMD",-0.240541817583458,1.12703068648177
"MMD",-0.0794617567349739,1.45297108236022
"MMD",0.0664703867472026,1.42353743577089
"MMD",0.505010525796156,1.06432066878147
"MMD",-0.393145871650992,1.22295614573579
"MMD",-0.354663211425507,1.19217036006298
"MMD",-0.772935138007394,0.651770586252397
"MMD",-0.772935138007394,0.651770586252397
"MMD",-0.772935138007394,0.651770586252397
"MMD",-0.772935138007394,0.651770586252397
"MMD",-0.772935138007394,0.651770586252397
"MMD",-0.772935138007394,0.651770586252397
"MMD",-0.772935138007394,0.651770586252397
"MMD",-0.772935138007394,0.651770586252397
"MMD",-0.983307909686118,-0.308979548736593
"MMD",-0.905457084561919,0.458228350198367
"MMD",-0.972431293603325,-0.415576908624411
"MMD",-0.972431293603325,-0.415576908624411
"MMD",-0.972431293603325,-0.415576908624411
"MMD",-0.983307909686118,-0.308979548736593
"MMD",-0.983307909686118,-0.308979548736593
"MMD",-0.926107823848975,0.187365979847006
"MMD",-0.983307909686118,-0.308979548736593
"MMD",-0.953085422762303,-0.298710941074759
"MMD",0.959951979261693,0.333630149215647
"MMD",0.79562589343232,0.43716060429594
"MMD",0.951442767830297,0.134629715933797
"MMD",0.951442767830297,0.134629715933797
"MMD",0.945880685481509,0.273783998651976
"MMD",0.345832088808713,1.23877785808836
"MMD",-0.484947039763576,1.17896765441958
"MMD",-0.484947039763576,1.17896765441958
"MMD",-0.931969595831915,0.335149992070227
"MMD",-0.931969595831915,0.335149992070227
"MMD",-0.538276800390711,1.21887123412129
"MMD",-0.572219248183566,1.04783733038283
"MMD",-0.5210148660797,0.771107026275159
"MMD",-0.718290289863944,0.700160850310417
"MMD",-0.718290289863944,0.700160850310417
"MMD",-0.620689496231498,1.14048542260946
"MMD",-0.768750105417102,0.786787696575044
"MMD",-0.718290289863944,0.700160850310417
"MMD",-0.586061764523868,0.954586662690295
"MMD",0.279352933947345,1.39199771854242
"MMD",0.907424208006406,0.526216534069879
"MMD",0.907424208006406,0.526216534069879
"MMD",0.738413474517271,0.798809487921708
"MMD",-0.264396686062332,1.07402788136639
"MMD",0.805233826085525,0.781290957919625
"MMD",0.791123898706217,0.522161794819988
"MMD",0.615000888477418,0.882485823956074
"MMD",0.500535438021666,1.15803353799989
"MMD",0.615000888477418,0.882485823956074
"MMD",0.823943630347899,0.823478579655203
"MMD",0.425952613451397,1.19696134794664
"MMD",0.0388240200291858,1.17255065599455
"MMD",0.675717636282872,0.863957786269718
"MMD",-0.957493575274539,-0.212987701030832
"MMD",-0.962643376882841,-0.167455937672463
"MMD",-0.995814387684643,-0.586472647443693
"MMD",-0.929722846325597,-0.238836799326941
"MMD",-0.929722846325597,-0.238836799326941
"MMD",0.801628253331036,0.592668759239571
"MMD",0.868909964235712,0.365032840666238
"MMD",0.746916301738485,0.452540106912228
"MMD",0.746916301738485,0.452540106912228
"MMD",0.746916301738485,0.452540106912228
"MMD",0.90343792361326,0.288552863989528
"MMD",0.90343792361326,0.288552863989528
"MMD",0.686388399168326,1.15418456223369
"MMD",-0.154885026041577,1.14204904972331
"MMD",-0.0089230160413719,1.1369131643944
"MMD",-0.0089230160413719,1.1369131643944
"MMD",-0.0282267602229068,1.05352626405886
"MMD",0.606433272139023,1.00702340015857
"MMD",0.366883423822176,1.19267888854843
"MMD",0.606433272139023,1.00702340015857
"MMD",0.606433272139023,1.00702340015857
"MMD",0.0564766224269388,1.17933297339787
"MMD",-0.195432684931986,1.16849772689852
"MMD",-0.0706822477593303,1.02726288719702
"MMD",0.186572565695826,1.15013657174212
"MMD",-0.345835315813181,1.26735020408499
"MMD",-0.541085562230717,1.14694151562354
"MMD",0.0916865651602001,1.26054560654648
"MMD",-0.375405000168627,1.16550440810606
"MMD",-0.541085562230717,1.14694151562354
"MMD",-0.105907612852779,1.36422846034268
"MMD",0.0918355884992853,1.32572213137403
"MMD",0.0918355884992853,1.32572213137403
"MMD",-0.597539022287472,1.31828320173001
"MMD",-0.597539022287472,1.31828320173001
"MMD",-0.274424433465242,1.10730277690377
"MMD",0.147411863449165,1.28290534646659
"MMD",-0.274424433465242,1.10730277690377
"MMD",0.682137565708833,0.918902369474329
"MMD",-0.43913175552637,0.983378849323026
"MMD",0.120210565301665,1.07910817286867
"MMD",0.120210565301665,1.07910817286867
"MMD",0.240020805560211,1.11361240730446
"MMD",0.978648852091283,-0.235481120077682
"MMD",0.978648852091283,-0.235481120077682
"MMD",0.978648852091283,-0.235481120077682
"MMD",0.978648852091283,-0.235481120077682
"MMD",0.978648852091283,-0.235481120077682
"MMD",0.92173115104569,-0.132036234453784
"MMD",0.978648852091283,-0.235481120077682
"MMD",0.924562939392783,0.385329860293382
"MMD",0.877495746712699,0.404007026915639
"MMD",0.978648852091283,-0.235481120077682
"MMD",0.960972166880352,-0.156984100715407
"MMD",0.978648852091283,-0.235481120077682
"MMD",0.978648852091283,-0.235481120077682
"MMD",0.877408302101952,0.237554445064677
"MMD",0.978648852091283,-0.235481120077682
"MMD",0.987047075812607,-0.151149963487905
"MMD",0.987047075812607,-0.151149963487905
"MMD",0.978648852091283,-0.235481120077682
"MMD",0.978648852091283,-0.235481120077682
"MMD",0.978648852091283,-0.235481120077682
"MMD",0.77952199926154,0.777697085468853
"MMD",0.880520749452265,0.694213967919631
"MMD",0.77952199926154,0.777697085468853
"MMD",0.77952199926154,0.777697085468853
"MMD",0.77952199926154,0.777697085468853
"MMD",0.77952199926154,0.777697085468853
"MMD",0.77952199926154,0.777697085468853
"MMD",0.447068471311938,0.903990005956951
"MMD",0.335865380546266,1.0555682557253
"MMD",0.447068471311938,0.903990005956951
"MMD",0.229375081794509,1.18225376220522
"MMD",-0.138085625509459,1.35406802103281
"MMD",-0.138085625509459,1.35406802103281
"MMD",-0.462780140675938,0.99229812374357
"MMD",-0.462780140675938,0.99229812374357
"MMD",-0.418352512425818,0.911107308217737
"MMD",-0.418352512425818,0.911107308217737
"MMD",-0.418352512425818,0.911107308217737
"MMD",0.54522046003137,0.825751772829301
"MMD",-0.0874105672522603,1.17090915036918
"MMD",0.54522046003137,0.825751772829301
"MMD",-0.405547604811741,1.19735928538485
"MMD",-0.870050642224043,0.391032837792263
"MMD",0.676576121918962,0.690910567403279
"MMD",-0.974517943531923,0.112072904745675
"MMD",0.676576121918962,0.690910567403279
"MMD",0.676576121918962,0.690910567403279
"MMD",0.676576121918962,0.690910567403279
"MMD",0.452444741871922,1.18144151249498
"MMD",-0.918659743997811,0.597916226427241
"MMD",0.228854776994142,1.22445770503414
"MMD",0.228854776994142,1.22445770503414
"MMD",0.549128109775756,1.019321443719
"MMD",-0.728441288229078,0.875803551486937
"MMD",-0.728441288229078,0.875803551486937
"MMD",-0.607913721417817,0.973742867675128
"MMD",-0.585733028470699,1.28762308017405
"MMD",-0.585733028470699,1.28762308017405
"MMD",-0.902900130422751,0.487189456564307
"MMD",-0.902900130422751,0.487189456564307
"MMD",-0.748457042587148,0.854947770369739
"MMD",-0.855469496828219,0.765372364995194
"MMD",-0.748457042587148,0.854947770369739
"MMD",0.384523005802923,0.898615875407338
"MMD",0.384523005802923,0.898615875407338
"MMD",-0.389070676619459,1.15458662459304
"MMD",0.384523005802923,0.898615875407338
"MMD",0.198342289453277,1.18153518942744
"MMD",-0.813102430942541,0.477033144498425
"MMD",0.356670009404043,1.19359949264089
"MMD",-0.895946871519434,0.246159161183274
"MMD",-0.895946871519434,0.246159161183274
"MMD",-0.956407928679474,0.184644446017099
"MMD",0.230006915236485,1.24039206850118
"MMD",0.230006915236485,1.24039206850118
"MMD",-0.671558297638642,0.771192714816321
"MMD",-0.45735015016775,1.13697912285099
"MMD",-0.45735015016775,1.13697912285099
"MMD",-0.428159811669008,1.33298039447756
"MMD",-0.456231520355728,1.11462059268692
"MMD",0.514166380258,1.10582443774866
"MMD",0.679305952809627,1.09910261208927
"MMD",0.679305952809627,1.09910261208927
"MMD",0.104049591627086,1.18716752504508
"MMD",0.518216381060713,0.976967867110325
"MMD",-0.830235178353782,0.431579655394078
"MMD",-0.830235178353782,0.431579655394078
"MMD",-0.960153610451661,-0.015505446941227
"MMD",-0.737094228919811,0.832251820964731
"MMD",0.205640980833616,1.07555501517044
"MMD",-0.737094228919811,0.832251820964731
"MMD",-0.665191406783489,0.858852728192676
"MMD",-0.786899868129984,0.563183045146377
"MMD",-0.0360659342947981,1.39157664043134
"MMD",-0.614732422101474,0.815071734341907
"MMD",-0.70180957319499,0.975911039128965
"MMD",-0.301298345892771,1.21605463381223
"MMD",0.356830797966765,1.08577073043826
"MMD",-0.972525199240032,0.227180754574278
"MMD",-0.967836232900743,-0.228571312230669
"MMD",-0.985134747679972,-0.104562935869341
"MMD",-0.30558797702681,1.18534575070574
"MMD",-0.30558797702681,1.18534575070574
"MMD",0.00413758351312943,1.13819384403498
"MMD",0.00157776883230815,1.38562767004829
"MMD",-0.30558797702681,1.18534575070574
"MMD",0.410325324462686,1.19101623401689
"MMD",-0.358224546460402,0.95719828475499
"MMD",0.232280726743603,1.16834203336065
"MMD",0.347422950194675,1.16009435003158
"MMD",0.232280726743603,1.16834203336065
"MMD",-0.902196718931508,0.154162375159727
"MMD",-0.902196718931508,0.154162375159727
"MMD",-0.525027603653296,1.32219176746096
"MMD",-0.994233237517132,0.287293854630585
"MMD",-0.798481831027572,0.808741774908852
"MMD",-0.861624078233021,0.479715081082305
"MMD",-0.921299889683723,0.727133406862582
"MMD",-0.915926664926767,0.646344889662664
"MMD",-0.729459052274915,0.97875188239799
"MMD",-0.789451717591514,0.621280387338844
"MMD",-0.583910895452221,1.0334251777285
"MMD",-0.921299889683723,0.727133406862582
"MMD",-0.921299889683723,0.727133406862582
"MMD",-0.473553487657056,1.02668902726074
"MMD",-0.921299889683723,0.727133406862582
"MMD",0.643669543217937,0.821734747374631
"MMD",0.207654928912533,1.25536095243155
"MMD",-0.363362786751695,1.05432752438108
"MMD",-0.147921546966925,1.29943623620179
"MMD",-0.147921546966925,1.29943623620179
"MMD",0.637494087750132,0.875069975851196
"MMD",-0.03030293343037,1.01788873293034
"MMD",-0.840397387144528,0.611463991595874
"MMD",-0.659758830030764,0.876251071985276
"MMD",-0.522542662462157,0.856209764424231
"MMD",-0.44978294602655,1.18561741739208
"MMD",0.302898112068326,1.00439610108438
"MMD",0.318056836008579,1.19122523437635
"MMD",0.448796799429707,1.23587837738174
"MMD",0.448796799429707,1.23587837738174
"MMD",0.311588130933421,0.950217436730227
"MMD",0.745148395188153,0.666504887928503
"MMD",0.745148395188153,0.666504887928503
"MMD",0.745148395188153,0.666504887928503
"MMD",0.777663282827115,0.745947984314284
"MMD",-0.708784118815181,0.896157421188996
"MMD",-0.0866828704066246,1.20265999033198
"MMD",-0.603209340457875,1.01866952982206
"MMD",-0.17007915938196,1.06962063621693
"MMD",-0.949627168546419,0.198618815390107
"MMD",0.189703634632336,1.47970956044891
"MMD",-0.611503070520756,1.05579774738638
"MMD",0.234434331694935,1.39966037268983
"MMD",0.628038534667653,0.906301708573221
"MMD",0.773386033469331,0.984277633070093
"MMD",0.82676698368032,0.365460650132221
"MMD",0.923098455639034,0.41973169221851
"MMD",0.82676698368032,0.365460650132221
"MMD",0.796772263355896,0.827491348235005
"MMD",0.82676698368032,0.365460650132221
"MMD",0.82676698368032,0.365460650132221
"MMD",0.780185718851434,0.566284917056011
"MMD",0.82676698368032,0.365460650132221
"MMD",-0.31211200038682,1.07663117938961
"MMD",-0.238500264515501,1.38337730788067
"MMD",0.599142471096638,1.01883879309883
"MMD",0.599142471096638,1.01883879309883
"MMD",0.527510054955302,1.13745179167887
"MMD",-0.068639833224678,1.36355829312017
"MMD",0.599142471096638,1.01883879309883
"MMD",-0.194483568990446,1.19528867073494
"MMD",-0.770014512695322,0.677129168233962
"MMD",-0.433929009116593,1.20128513541772
"MMD",-0.914681919501672,0.107012238872602
"MMD",-0.972741176243251,-0.470191380634857
"MMD",0.717208494890671,0.990793021820455
"MMD",0.0352030886042734,1.21953101929819
"MMD",0.485124098571851,0.959762927520657
"MMD",-0.83026267705785,0.93611424236165
"MMD",-0.800961076652374,0.80540158155869
"MMD",-0.0942822742083104,1.247268831639
"MMD",-0.801155388647256,0.950442909870225
"MMD",-0.53422996346874,1.16868502200121
"MMD",0.502744356792772,0.825750358071394
"MMD",0.487402354029008,1.00042157726483
"MMD",0.183903954214015,1.17838389266778
"MMD",0.400202873786377,1.22788797005997
"MMD",0.356460334929844,1.33895067163283
"MMD",0.730736950414063,0.709201500238915
"MMD",0.0316126260875863,1.30713861379163
"MMD",-0.441365071003609,1.26567713607124
"MMD",-0.259626654304879,1.16281723842997
"MMD",0.425308018195881,1.12483023393806
"MMD",0.454078926486795,1.06977564914907
"MMD",0.568947854945631,0.70890159716036
"MMD",0.408688046994207,0.975149048636255
"MMD",-0.214780037343446,1.31571307764225
"MMD",0.454266306894212,1.01305974182574
"MMD",0.408688046994207,0.975149048636255
"MMD",0.408688046994207,0.975149048636255
"MMD",-0.661785547222874,0.799459868202221
"MMD",-0.632578592078069,0.815929812125823
"MMD",-0.896465112988597,0.777646036709468
"MMD",-0.768980893318989,0.797558837970917
"MMD",-0.768980893318989,0.797558837970917
"MMD",-0.881846638129629,0.586519937204221
"MMD",-0.218177219094977,1.2588741613986
"MMD",-0.218177219094977,1.2588741613986
"MMD",-0.0658346692001007,1.24380356606055
"MMD",-0.59531554139125,1.18620301586172
"MMD",0.644508174843496,0.939962638631243
"MMD",0.743768080371503,0.918498628828487
"MMD",0.066788622517286,1.30103830246892
"MMD",0.77279777671146,0.486801123059354
"MMD",0.77279777671146,0.486801123059354
"MMD",0.452826458185101,1.07973174089956
"MMD",0.832047288819648,0.591348075891519
"MMD",0.832047288819648,0.591348075891519
"MMD",0.412163179195259,0.939300964759275
"MMD",-0.176182022646607,1.03437257768646
"MMD",0.625794279194345,1.0317601672584
"MMD",-0.662287602217054,1.0696338862099
"MMD",-0.662287602217054,1.0696338862099
"MMD",0.426024786681072,1.31774801838596
"MMD",0.426024786681072,1.31774801838596
"MMD",0.426024786681072,1.31774801838596
"MMD",0.725631897554636,0.64798581983768
"MMD",0.725631897554636,0.64798581983768
"MMD",0.52048643592565,0.971296728620906
"MMD",-0.301150844281141,1.11297250171565
"MMD",-0.624177304519679,1.13968124237293
"MMD",0.0793448450437131,1.15734361455165
"MMD",-0.12484664753288,1.06997358230997
"MMD",0.468823072509908,1.25196937703294
"MMD",0.709969012905178,0.830644873491912
"MMD",0.373495228323331,1.14373291420679
"MMD",-0.945643036782708,0.164539307646237
"MMD",-0.827419416314795,0.480612073238986
"MMD",0.66428835503757,0.919889098193351
"MMD",0.88167001962216,0.537201469390948
"MMD",0.538926098459338,1.09752158940434
"MMD",0.66428835503757,0.919889098193351
"MMD",0.110365333317684,1.27215719674034
"MMD",0.822206234176128,0.752942711511026
"MMD",0.822206234176128,0.752942711511026
"MMD",0.822206234176128,0.752942711511026
"MMD",0.46789931106582,1.33437284854895
"MMD",0.830819804102226,0.659735448118578
"MMD",0.336352017781042,1.10275528600432
"MMD",0.513465622640739,1.23130441621315
"MMD",0.423654639958704,1.02523135010839
"MMD",0.089700834816258,1.12396529789088
"MMD",0.0843781743641759,1.32145599923642
"MMD",-0.269625058941594,1.23234178120608
"MMD",-0.269625058941594,1.23234178120608
"MMD",-0.148645248724512,1.11558287295711
"MMD",-0.593856824174664,0.920729488701932
"MMD",-0.648172707096607,0.859460716926302
"MMD",0.920526327582106,0.358290194257706
"MMD",0.881684867833647,0.586809337596188
"MMD",-0.871239095618758,0.511425094484206
"MMD",0.718094229587579,0.856900431073069
"MMD",0.792371546775823,0.812035178529717
"MMD",0.749767589577762,0.793373190485034
"MMD",-0.186768596567316,1.27645715957393
"MMD",-0.545452842476568,1.05557764092296
"MMD",0.285809430908543,1.17861588962579
"MMD",-0.298965403370515,1.30076062110697
"MMD",-0.620988099422146,0.971607714177851
"MMD",-0.0910129422554112,1.18733681920484
"MMD",0.752657607197762,0.940822398535393
"MMD",0.675124506995342,0.964527869235557
"MMD",0.405753977570608,1.13023800116217
"MMD",0.616634200090211,0.918333525778713
"MMD",0.752657607197762,0.940822398535393
"MMD",0.752657607197762,0.940822398535393
"MMD",-0.487493420477322,1.21304614957366
"MMD",-0.325948647544037,1.21507124156975
"MMD",-0.512240543486909,1.13985551657014
"MMD",-0.373887875907501,0.895183675316224
"MMD",-0.260798244444772,1.18609434711645
"MMD",0.197177810924597,1.16960863618691
"MMD",0.194747811461803,1.2844189872327
"MMD",0.774305362996812,0.581977923466447
"MMD",-0.287072607992227,1.36366913249648
"MMD",0.467507048849905,1.03647108426099
"MMD",0.733196006622165,0.544619365231665
"MMD",0.733196006622165,0.544619365231665
"MMD",0.733196006622165,0.544619365231665
"MMD",-0.967705481782454,-0.28379271532295
"MMD",-0.968345384579152,-0.0252728055874294
"MMD",-0.968345384579152,-0.0252728055874294
"MMD",-0.961874419340877,0.0142385318042042
"MMD",-0.968345384579152,-0.0252728055874294
"MMD",-0.968345384579152,-0.0252728055874294
"MMD",-0.968345384579152,-0.0252728055874294
"MMD",-0.955932047853224,0.0639057273348109
"MMD",-0.895642859740727,0.473418525524342
"MMD",-0.955932047853224,0.0639057273348109
"MMD",-0.955932047853224,0.0639057273348109
"MMD",-0.971292363698356,-0.0407922223180935
"MMD",-0.909385342013661,0.39305833421853
"MMD",-0.909385342013661,0.39305833421853
"MMD",-0.612288578706039,0.991805424037234
"MMD",-0.968345384579152,-0.0252728055874294
"MMD",-0.968345384579152,-0.0252728055874294
"MMD",0.778161545398068,0.523306744598078
"MMD",0.52178353344783,0.802149870105848
"MMD",0.778161545398068,0.523306744598078
"MMD",-0.578048065770417,1.11341188547425
"MMD",-0.578048065770417,1.11341188547425
"MMD",0.681725783150004,0.597681195816011
"MMD",-0.928851432795028,0.444614504144666
"MMD",0.0892748723639984,1.23289490143373
"MMD",-0.631769267720477,1.04820204759263
"MMD",-0.631769267720477,1.04820204759263
"MMD",-0.631769267720477,1.04820204759263
"MMD",-0.578048065770417,1.11341188547425
"MMD",-0.578048065770417,1.11341188547425
"MMD",0.0614605604865596,1.24231633391823
"MMD",-0.578048065770417,1.11341188547425
"MMD",-0.578048065770417,1.11341188547425
"MMD",-0.124792108812407,1.19024972982804
"MMD",0.251131385632287,1.21230784151794
"MMD",-0.2377902405732,1.27513105085987
"MMD",0.156523928630312,1.26699056859687
"MMD",-0.725960737442134,0.971857168172597
"MMD",0.440199881426973,1.07326094489397
"MMD",0.924687750150099,0.552004453787553
"MMD",-0.846439445287677,0.785179151808425
"MMD",-0.393190051211158,1.2056507806769
"MMD",-0.393190051211158,1.2056507806769
"MMD",0.214303219459338,1.28194455302107
"MMD",0.610924133119041,0.968964278163324
"MMD",0.64510331534848,1.03814612918772
"MMD",0.64510331534848,1.03814612918772
"MMD",0.0767691543218745,1.19513547571381
"MMD",-0.920994494205784,0.112139421959547
"MMD",-0.920994494205784,0.112139421959547
"MMD",0.826717425869588,0.825180518687113
"MMD",0.826717425869588,0.825180518687113
"MMD",0.826717425869588,0.825180518687113
"MMD",0.822883784117366,0.912962591707517
"MMD",0.822883784117366,0.912962591707517
"MMD",0.896693357747784,0.408726939464989
"MMD",0.896693357747784,0.408726939464989
"MMD",0.896693357747784,0.408726939464989
"MMD",0.896693357747784,0.408726939464989
"MMD",0.896693357747784,0.408726939464989
"MMD",0.896693357747784,0.408726939464989
"MMD",0.800964553790849,0.701094976324688
"MMD",0.896693357747784,0.408726939464989
"MMD",0.0639714862367807,1.07285926103564
"MMD",-0.763412758506444,0.917456280943876
"MMD",0.654673201033901,1.10372751322017
"MMD",-0.722415401751997,0.812352125015781
"MMD",-0.777615681434918,0.661661978721628
"MMD",-0.617442420659981,0.975595189633758
"MMD",-0.374417146563377,0.952660584860261
"MMD",-0.21666960751644,1.30886200476776
"MMD",0.593242675042786,1.16650080258079
"MMD",0.373303848316223,1.07751470352309
"MMD",-0.084559262027169,1.38978955252635
"MMD",0.146403219161467,1.31486079789251
"MMD",0.0970518768370977,1.309813495456
"MMD",0.189753946288378,1.2891714002666
"MMD",-0.0288419098908147,1.34991770677577
"MMD",-0.892718648112619,0.342652244895961
"MMD",-0.892718648112619,0.342652244895961
"MMD",-0.176665043274989,1.19278616547885
"MMD",-0.93762690818919,0.0663760715966054
"MMD",-0.412308526397719,0.862182984639194
"MMD",0.345095519419466,1.10183230528841
"MMD",0.345095519419466,1.10183230528841
"MMD",0.345095519419466,1.10183230528841
"MMD",0.465357667868849,1.04966550861193
"MMD",0.706754606408266,0.834464902897127
"MMD",-0.055569030556375,1.07039132272891
"MMD",-0.664950256402428,0.748767340873495
"MMD",0.0348316364128945,1.13114492106309
"MMD",0.404003905254517,1.30185077507561
"MMD",0.312521481959173,1.17582877799034
"MMD",0.0180034887969886,1.11246673178137
"MMD",0.0040258931774444,1.27545386024928
"MMD",-0.478786862552574,1.14225898846888
"MMD",-0.329404889485723,1.31574381248365
"MMD",0.0394082518368166,1.30943764837602
"MMD",-0.0288283915533239,1.15951278400723
"MMD",-0.536107333131477,1.10387674510672
"MMD",-0.0288283915533239,1.15951278400723
"MMD",0.466248750694327,1.29848329547884
"MMD",0.466248750694327,1.29848329547884
"MMD",0.938809923991273,-0.152664150044881
"MMD",0.911567982723464,0.020919773618456
"MMD",0.938809923991273,-0.152664150044881
"MMD",0.964205115205029,0.0436303288807946
"MMD",0.964205115205029,0.0436303288807946
"MMD",0.938809923991273,-0.152664150044881
"MMD",0.938809923991273,-0.152664150044881
"MMD",0.938809923991273,-0.152664150044881
"MMD",0.39196552731478,1.12975748030011
"MMD",0.436292667358288,1.15887208281015
"MMD",0.942122908774763,0.0096139242029135
"MMD",0.942122908774763,0.0096139242029135
"MMD",0.942122908774763,0.0096139242029135
"MMD",0.942122908774763,0.0096139242029135
"MMD",0.911293346714691,0.219570456212321
"MMD",0.942122908774763,0.0096139242029135
"MMD",0.868130283575637,0.814041352231087
"MMD",0.892547430373786,0.119695808574931
"MMD",0.942122908774763,0.0096139242029135
"MMD",0.942122908774763,0.0096139242029135
"MMD",0.942122908774763,0.0096139242029135
"MMD",0.942122908774763,0.0096139242029135
"MMD",0.942122908774763,0.0096139242029135
"MMD",0.942122908774763,0.0096139242029135
"MMD",0.942122908774763,0.0096139242029135
"MMD",0.942122908774763,0.0096139242029135
"MMD",0.942122908774763,0.0096139242029135
"MMD",0.942122908774763,0.0096139242029135
"MMD",0.947869235952419,0.507098436706186
"MMD",0.947869235952419,0.507098436706186
"MMD",0.451364572626903,1.11087157036322
"MMD",0.754101988137908,0.807900821300109
"MMD",0.451364572626903,1.11087157036322
"MMD",0.691929227005279,0.619293223516634
"MMD",0.691929227005279,0.619293223516634
"MMD",0.619390302126862,0.872979184494203
"MMD",-0.101525668697538,1.02928309370875
"MMD",0.731386535710743,0.575125457135013
"MMD",0.657424865466665,1.06894361840759
"MMD",-0.189932948728617,1.27967311100452
"MMD",0.657424865466665,1.06894361840759
"MMD",0.657424865466665,1.06894361840759
"MMD",0.707768478059199,0.647174040954956
"MMD",0.657424865466665,1.06894361840759
"MMD",0.479272164590271,1.21066562556608
"MMD",0.657424865466665,1.06894361840759
"MMD",0.737461193720443,0.898102714267162
"MMD",0.779221909683034,0.366770458583874
"MMD",0.307834990593457,1.32291093443002
"MMD",0.823530440009066,1.04081416544588
"MMD",0.823530440009066,1.04081416544588
"MMD",-0.779696180839117,0.839518095177014
"MMD",-0.779696180839117,0.839518095177014
"MMD",0.91840458945619,0.47915214508662
"MMD",-0.790302928492728,0.811640072864858
"MMD",0.794365111738443,0.594924575772282
"MMD",0.907660000084138,0.586485778681174
"MMD",0.907660000084138,0.586485778681174
"MMD",0.794365111738443,0.594924575772282
"MMD",0.562818365352451,0.84874257285694
"MMD",0.657767319470175,0.861770635199644
"MMD",0.794365111738443,0.594924575772282
"MMD",0.794365111738443,0.594924575772282
"MMD",0.794365111738443,0.594924575772282
"MMD",0.527693551146378,1.01999188896953
"MMD",0.794365111738443,0.594924575772282
"MMD",0.794365111738443,0.594924575772282
"MMD",0.794365111738443,0.594924575772282
"MMD",0.187256344595676,1.34931457946232
"MMD",0.525708805906846,0.912469737811009
"MMD",0.862374643462066,0.658908412515612
"MMD",0.794365111738443,0.594924575772282
"MMD",0.89833149112031,0.233127291214262
"MMD",0.794365111738443,0.594924575772282
"MMD",0.794365111738443,0.594924575772282
"MMD",0.794365111738443,0.594924575772282
"MMD",-0.649169700220227,0.795723692161194
"MMD",-0.649169700220227,0.795723692161194
"MMD",-0.649169700220227,0.795723692161194
"MMD",-0.854350413877755,0.673672237914598
"MMD",-0.649169700220227,0.795723692161194
"MMD",-0.894779915332398,0.427196435141407
"MMD",-0.649169700220227,0.795723692161194
"MMD",-0.649169700220227,0.795723692161194
"MMD",-0.649169700220227,0.795723692161194
"MMD",-0.649169700220227,0.795723692161194
"MMD",-0.410953415767151,1.01169493508607
"MMD",-0.649169700220227,0.795723692161194
"MMD",0.714186973579334,0.840997297026246
"MMD",0.789462024970274,0.91750141512008
"MMD",0.503991448164571,1.10954795295387
"MMD",-0.624709138195299,0.801892406999866
"MMD",0.715196196978861,1.0177393977733
"MMD",-0.4548681664723,1.27779716212672
"MMD",-0.203536222093309,1.37589073236726
"MMD",-0.4548681664723,1.27779716212672
"MMD",0.00590689673225642,1.10406487095274
"MMD",0.177328290940326,1.1029011457196
"MMD",0.146959342607087,1.23911582449087
"MMD",-0.215757653725455,1.0727851010444
"MMD",-0.81928516680452,0.571115680334818
"MMD",0.613568751002678,0.898896377892253
"MMD",-0.781631685486569,0.680828473358182
"MMD",0.539688916959731,1.02886161859091
"MMD",-0.42441833017041,1.16975754333026
"MMD",0.60407477299186,0.890807148700064
"MMD",-0.475619380397019,1.06976417935602
"MMD",0.198342414442923,1.21999250913811
"MMD",-0.00087093257584131,1.3470145729576
"MMD",0.743474315310107,0.543308758806235
"MMD",0.487906185381207,1.1408878369299
"MMD",-0.883413146607663,0.660091033302336
"MMD",-0.883413146607663,0.660091033302336
"MMD",-0.602245018665439,1.05415917472731
"MMD",-0.138518085113742,1.1386944879368
"MMD",0.68030020038781,1.01489841479672
"MMD",0.875999656084853,0.477202869367163
"MMD",0.894668908969685,0.704811206311472
"MMD",0.894668908969685,0.704811206311472
"MMD",-0.408379766459047,1.34136840566502
"MMD",-0.0239374854237147,1.07328256099008
"MMD",0.233180164314773,1.15518077771906
"MMD",-0.350200181497028,1.21775895121925
"MMD",0.330635457348371,1.45693565253728
"MMD",0.753203137777746,0.815156728184607
"MMD",0.753203137777746,0.815156728184607
"MMD",0.753203137777746,0.815156728184607
"MMD",0.753203137777746,0.815156728184607
"MMD",0.753203137777746,0.815156728184607
"MMD",0.570640322996271,0.888480824977669
"MMD",0.575650876646035,0.945085315639361
"MMD",-0.738617895540786,0.866332110711249
"MMD",-0.576942910511712,0.80740506872093
"MMD",-0.905308580186373,0.4380754143504
"MMD",-0.928916782637327,0.23536995016649
"MMD",-0.827583824311133,0.63850592332271
"MMD",-0.165004040920757,1.3262946951036
"MMD",-0.25476326355092,1.28083995214882
"MMD",0.358603340619335,1.13756652974309
"MMD",0.396943184383587,1.2516069222999
"MMD",-0.366225668319563,1.22987291144689
"MMD",0.369609653238859,1.0502949102821
"MMD",-0.123702246089974,1.15433640220771
"MMD",0.489781448485279,0.944061170903407
"MMD",-0.181670607923821,1.22408331246034
"MMD",-0.181670607923821,1.22408331246034
"MMD",0.889055248239913,0.25295022285857
"MMD",0.889055248239913,0.25295022285857
"MMD",0.889055248239913,0.25295022285857
"MMD",0.630787427890161,0.84317393469751
"MMD",0.9434399579731,0.132364753280838
"MMD",0.9434399579731,0.132364753280838
"MMD",-0.457563055969873,1.16826316942105
"MMD",-0.217121027528064,1.04659422332152
"MMD",0.428636837829065,0.946321237161154
"MMD",-0.116208308695219,1.10262903332711
"MMD",0.428636837829065,0.946321237161154
"MMD",0.178333724016889,1.12808469307926
"MMD",0.696202569323625,0.723665874460034
"MMD",0.768434212037596,1.07140461608535
"MMD",0.173641953725375,1.32963637184268
"MMD",0.768434212037596,1.07140461608535
"MMD",-0.0274144425056875,1.22092748543446
"MMD",0.604753893517353,1.05781312165388
"MMD",0.350480736659259,1.3040196508021
"MMD",-0.0274144425056875,1.22092748543446
"MMD",-0.0274144425056875,1.22092748543446
"MMD",-0.161800270066159,1.19829757885642
"MMD",-0.0274144425056875,1.22092748543446
"MMD",-0.389603523870853,1.15790963830835
"MMD",-0.403455637573124,1.18888879505712
"MMD",-0.774346705175447,0.733381008056332
"MMD",-0.617199396161449,1.00542519805735
"MMD",-0.617199396161449,1.00542519805735
"MMD",-0.46595252558792,1.11758677082809
"MMD",-0.71735354618565,0.952048516216499
"MMD",-0.390899494775583,1.15383489902671
"MMD",-0.619333744514734,1.14811452332433
"MMD",-0.336298062498596,1.14210775723293
"MMD",-0.0364823279531555,1.24683723384167
"MMD",-0.0364823279531555,1.24683723384167
"MMD",0.252531310513106,1.1658849089874
"MMD",-0.619333744514734,1.14811452332433
"MMD",-0.619333744514734,1.14811452332433
"MMD",-0.772050193745284,1.0477815934756
"MMD",-0.3585074648148,1.23683819212493
"MMD",-0.619333744514734,1.14811452332433
"MMD",-0.0181510615683747,1.30666339198643
"MMD",0.699149406461296,1.00465642646487
"MMD",0.733984492601018,0.753979698574759
"MMD",0.733984492601018,0.753979698574759
"MMD",0.527350819947842,0.972802244372411
"MMD",-0.319542998765263,1.34440983276145
"MMD",0.373295823958109,0.988756451540299
"MMD",0.161046957114297,1.13273042218932
"MMD",-0.0581452430985545,1.11147086633151
"MMD",0.00607190500153157,1.34233644122097
"MMD",-0.666356409434229,1.05327318653292
"MMD",-0.666356409434229,1.05327318653292
"MMD",-0.736192927548163,0.93815455360838
"MMD",-0.427721311434131,1.12804429779447
"MMD",-0.736192927548163,0.93815455360838
"MMD",0.246850116964887,1.29284971251077
"MMD",0.246850116964887,1.29284971251077
"MMD",0.764479322720075,0.807816851010341
"MMD",0.813782529800189,0.488803631204915
"MMD",0.764479322720075,0.807816851010341
"MMD",-0.117747768951009,1.10752734236862
"MMD",-0.117747768951009,1.10752734236862
"MMD",-0.117747768951009,1.10752734236862
"MMD",0.957918925210834,-0.348922460220818
"MMD",0.957918925210834,-0.348922460220818
"MMD",0.957918925210834,-0.348922460220818
"MMD",0.957918925210834,-0.348922460220818
"MMD",0.957918925210834,-0.348922460220818
"MMD",0.957918925210834,-0.348922460220818
"MMD",0.955198771145325,0.20384973727393
"MMD",0.957918925210834,-0.348922460220818
"MMD",0.957918925210834,-0.348922460220818
"MMD",0.957918925210834,-0.348922460220818
"MMD",-0.620161543600261,1.12225129107202
"MMD",-0.620161543600261,1.12225129107202
"MMD",-0.848920508674019,0.471403076312386
"MMD",-0.620161543600261,1.12225129107202
"MMD",-0.620161543600261,1.12225129107202
"MMD",-0.0795089399875089,1.04340268670743
"MMD",0.0111364182075572,1.09974323382856
"MMD",-0.620161543600261,1.12225129107202
"MMD",-0.925285120631135,0.417266218491458
"MMD",-0.620161543600261,1.12225129107202
"MMD",-0.620161543600261,1.12225129107202
"MMD",-0.10087297655287,1.30566418607994
"MMD",0.838305540366856,0.410447184514137
"MMD",0.838305540366856,0.410447184514137
"MMD",0.838305540366856,0.410447184514137
"MMD",0.210531466993772,1.19058708202345
"MMD",0.0551569396013924,1.22310612228355
"MMD",0.329762414405953,1.28780815957635
"MMD",0.207713206686188,1.39681025717048
"MMD",0.506860347406062,1.11883210905064
"MMD",-0.927783808762526,0.268490532084255
"MMD",-0.760411560657146,0.822485214496642
"MMD",0.0150998880110048,1.20295616811559
"MMD",-0.257305933975383,1.18875089162926
"MMD",-0.201931727156277,1.39848434110377
"MMD",0.27961047216171,1.17401634468792
"MMD",-0.491279478456234,1.2103258126721
"MMD",-0.112710202209596,1.14633695309638
"MMD",-0.112710202209596,1.14633695309638
"MMD",-0.309779846367244,1.18222253176417
"MMD",0.550353609727653,1.05766792845021
"MMD",-0.240585502844108,1.20637296064908
"MMD",0.930207111982004,0.285437421791877
"MMD",0.930207111982004,0.285437421791877
"MMD",0.930207111982004,0.285437421791877
"MMD",0.840638195308639,0.500931138633288
"MMD",0.845551700984244,0.513692677865782
"MMD",0.845551700984244,0.513692677865782
"MMD",0.752709651292146,0.818659637886113
"MMD",0.671776069232531,0.998096865880919
"MMD",-0.768658697960644,0.794723497794694
"MMD",-0.612301324766688,0.988267223107542
"MMD",-0.557937473047126,0.895876112023267
"MMD",-0.702454403171973,0.793155126733844
"MMD",-0.700561650291671,0.948222825436361
"MMD",0.428654611010459,1.25194656498985
"MMD",-0.193630974233439,1.25984376602496
"MMD",-0.597802896783583,1.109843469706
"MMD",-0.616747251174099,1.08385543708744
"MMD",0.158972921263345,1.07019802946888
"MMD",-0.693686199550165,0.70968506137844
"MMD",-0.693686199550165,0.70968506137844
"MMD",-0.675386228518062,0.740909243687099
"MMD",-0.103073823990893,1.26705851236616
"MMD",-0.103073823990893,1.26705851236616
"MMD",-0.0891389031226675,1.19937426008282
"MMD",-0.0891389031226675,1.19937426008282
"MMD",0.316857386958108,1.33027272880089
"MMD",0.46371018895538,1.10503593542515
"MMD",-0.13090629927755,1.25506162905794
"MMD",0.44542633068825,1.0820937689822
"MMD",0.776034598609624,0.788534117913522
"MMD",-0.0236321089530668,1.08865633386626
"MMD",0.131866194309855,1.42618119955021
"MMD",0.154755035358461,1.09230978030448
"MMD",0.165780557216818,1.01253456506455
"MMD",-0.141575914214645,1.28969139766071
"MMD",-0.528883237684237,1.08554679678267
"MMD",-0.777318926818168,0.717778694865381
"MMD",0.509680506764737,1.24706249503522
"MMD",-0.4485328904501,0.908867177683054
"MMD",-0.715000451129532,1.04692653032332
"MMD",0.508390108441469,1.20981153037937
"MMD",-0.300135116304942,0.965341926933227
"MMD",-0.300135116304942,0.965341926933227
"MMD",0.784814818770935,1.02734582362568
"MMD",0.77452547022298,0.660607129366324
"MMD",0.77452547022298,0.660607129366324
"MMD",-0.340032106996142,1.04566012170328
"MMD",-0.194496773934281,1.25726581491128
"MMD",0.601144876549421,1.12572387520218
"MMD",0.543762244676545,0.859062989821735
"MMD",0.552522928541455,0.98812655563444
"MMD",0.22959406292802,1.06334635155295
"MMD",0.292590274009854,1.31434200509158
"MMD",0.319689371231032,1.39805790291544
"MMD",0.371494546730332,1.25611090974033
"MMD",0.292590274009854,1.31434200509158
"MMD",-0.694282837177237,0.868097233540792
"MMD",-0.694282837177237,0.868097233540792
"MMD",-0.377708140918428,1.217841991608
"MMD",-0.665127512675216,0.903168711573756
"MMD",-0.806838296182368,0.533327785900795
"MMD",-0.788878805155289,0.61325634692061
"MMD",-0.425135590800809,1.08456920340122
"MMD",0.563518139868168,1.17058566716705
"MMD",-0.365861977227435,1.09290577967435
"MMD",-0.415952816502609,1.19908821332713
"MMD",-0.886121459816643,0.603092442990994
"MMD",-0.886121459816643,0.603092442990994
"MMD",-0.886121459816643,0.603092442990994
"MMD",-0.886121459816643,0.603092442990994
"MMD",-0.886121459816643,0.603092442990994
"MMD",-0.886121459816643,0.603092442990994
"MMD",-0.886121459816643,0.603092442990994
"MMD",-0.886121459816643,0.603092442990994
"MMD",-0.961505124985251,0.0601205439964243
"MMD",-0.961505124985251,0.0601205439964243
"MMD",-0.854917650539007,0.457767237209131
"MMD",-0.779597726997575,0.540018962980068
"MMD",-0.894267513866203,0.653256751770518
"MMD",-0.926356924489153,0.237373857394409
"MMD",-0.926356924489153,0.237373857394409
"MMD",-0.926356924489153,0.237373857394409
"MMD",-0.795351883605083,0.511422323299967
"MMD",-0.85135164368431,0.545121088054793
"MMD",0.669568448340436,0.952833733121904
"MMD",0.650039128297665,0.930166240773699
"MMD",0.673472935787803,0.80902571573566
"MMD",0.673472935787803,0.80902571573566
"MMD",0.673472935787803,0.80902571573566
"MMD",0.767100229351051,0.716868080041953
"MMD",0.767100229351051,0.716868080041953
"MMD",-0.654401951239417,1.25865997591743
"MMD",-0.654401951239417,1.25865997591743
"MMD",-0.654401951239417,1.25865997591743
"MMD",-0.421771929658385,1.47198888124202
"MMD",-0.469596932168911,1.05062760465116
"MMD",-0.96582951093068,-0.282102154437778
"MMD",-0.948647179139448,-0.222031296134211
"MMD",-0.96582951093068,-0.282102154437778
"MMD",0.0285039415378414,1.23764752743326
"MMD",-0.324856043797819,1.28767847334043
"MMD",-0.785264641675397,0.620434830261715
"MMD",0.635165717199802,1.00365280313987
"MMD",0.809415916291486,0.649349120765375
"MMD",-0.586305491320876,1.16637361227448
"MMD",-0.648434036904631,1.1678913074038
"MMD",-0.934498933633042,0.336244151474437
"MMD",-0.983218231259148,-0.108066563935552
"MMD",-0.918357056626044,0.137797836748481
"MMD",-0.945988952472909,0.0584798087582812
"MMD",-0.750924034482336,0.869994974053326
"MMD",-0.881425909408208,0.332474994284765
"MMD",-0.922509055584669,0.0971126292730273
"MMD",-0.922509055584669,0.0971126292730273
"MMD",-0.922509055584669,0.0971126292730273
"MMD",-0.922509055584669,0.0971126292730273
"MMD",-0.922509055584669,0.0971126292730273
"MMD",-0.922509055584669,0.0971126292730273
"MMD",-0.922509055584669,0.0971126292730273
"MMD",-0.922509055584669,0.0971126292730273
"MMD",-0.922509055584669,0.0971126292730273
"MMD",0.646409342777015,0.885135932092603
"MMD",-0.24372216034258,1.20373706751341
"MMD",0.550704879376368,1.05106398327753
"MMD",0.114285821359522,1.28719015231894
"MMD",0.325188902679214,1.20463551149888
"MMD",-0.55602111807674,1.03119715444295
"MMD",-0.608971725906411,0.82555687720777
"MMD",-0.608971725906411,0.82555687720777
"MMD",-0.232972324825823,1.24976683437955
"MMD",-0.232972324825823,1.24976683437955
"MMD",-0.36518439215715,1.00070288103181
"MMD",-0.232972324825823,1.24976683437955
"MMD",-0.034485851358573,1.13331699401913
"MMD",-0.367744125211643,1.19042129419902
"MMD",-0.520743478629609,1.07344102382908
"MMD",0.0909568450917117,1.2435094998552
"MMD",-0.483880526577765,1.01059223001766
"MMD",0.863616016823496,0.818405461433704
"MMD",0.625471457777519,1.04528556308448
"MMD",-0.252698993775994,1.15234800343172
"MMD",0.440439017739881,1.1426833238428
"MMD",0.241988913759222,1.40858804955529
"MMD",-0.252698993775994,1.15234800343172
"MMD",0.202361092681438,1.40885820379705
"MMD",0.466441545322345,1.06903279974862
"MMD",0.718313957258024,0.670992110128146
"MMD",-0.764295673373769,0.721884730404064
"MMD",-0.815100378904968,0.84210029500058
"MMD",0.450789904123659,1.04429975623593
"MMD",0.450789904123659,1.04429975623593
"MMD",0.900853966164028,0.880998407627347
"MMD",-0.537000250653589,1.17393357636268
"MMD",0.457966395366601,1.02608896192607
"MMD",-0.942904368375096,0.642762839594126
"MMD",-0.942904368375096,0.642762839594126
"MMD",-0.875767275272004,0.431922651582889
"MMD",-0.792337708305668,0.652179584638218
"MMD",-0.792337708305668,0.652179584638218
"MMD",-0.737538759033309,0.925024715853995
"MMD",-0.737538759033309,0.925024715853995
"MMD",-0.692000216386167,0.844943056614064
"MMD",-0.447599434557783,1.08342666740229
"MMD",0.338278828945444,1.46955709403341
"MMD",-0.074817522027854,1.2557214268536
"MMD",-0.0871442284300382,1.21094524682047
"MMD",0.070575330870975,1.37704348854919
"MMD",-0.653004455845803,0.926243953397812
"MMD",-0.653004455845803,0.926243953397812
"MMD",-0.266072525572301,1.17284520411898
"MMD",-0.13706868115642,1.16376650585197
"MMD",-0.653004455845803,0.926243953397812
"MMD",-0.653004455845803,0.926243953397812
"MMD",-0.653004455845803,0.926243953397812
"MMD",-0.804078963111429,0.732067713526521
"MMD",-0.797610002656363,0.632319971898122
"MMD",-0.804078963111429,0.732067713526521
"MMD",0.778294948893673,0.945000320356942
"MMD",0.945522587356529,0.38769288892565
"MMD",0.533791124478513,0.831055131728692
"MMD",-0.326694097605643,1.14971018922085
"MMD",0.778294948893673,0.945000320356942
"MMD",0.778294948893673,0.945000320356942
"MMD",0.778294948893673,0.945000320356942
"MMD",0.319119143545828,1.10037056767825
"MMD",0.0409008472001836,1.15225151680274
"MMD",-0.712625570023417,0.771987831464316
"MMD",-0.109337371309164,1.27234158840503
"MMD",-0.279070972346222,1.28709544168462
"MMD",-0.0208299576560933,1.21329765577895
"MMD",0.31635973986487,0.896899087043966
"MMD",0.0157234917148398,1.03799885518358
"MMD",0.31635973986487,0.896899087043966
"MMD",-0.218368430488575,1.1001903913318
"MMD",0.659779542751744,0.796212347600303
"MMD",0.325936861790162,1.24232403631361
"MMD",0.344630269218724,1.0662957139705
"MMD",0.598989073845572,1.25202455821788
"MMD",0.858223541048263,0.560458543754808
"MMD",0.800967642318973,0.449737192776742
"MMD",-0.953695720323166,0.118008528169803
"MMD",-0.953695720323166,0.118008528169803
"MMD",-0.953695720323166,0.118008528169803
"MMD",-0.760911452225623,0.805343091159004
"MMD",-0.953695720323166,0.118008528169803
"MMD",-0.0478778722883752,1.28526192383171
"MMD",-0.453787068017402,1.25916314274557
"MMD",-0.0478778722883752,1.28526192383171
"MMD",-0.283888023468065,1.23039217121953
"MMD",-0.0478778722883752,1.28526192383171
"MMD",-0.269083078831415,1.21094411780873
"MMD",-0.558583901142175,1.05977042187201
"MMD",-0.6254582999364,1.03150538079843
"MMD",-0.708637348160466,0.797096750706315
"MMD",-0.730638964438309,0.819773166378637
"MMD",0.417637498583645,1.13338330080937
"MMD",0.772395066129223,0.836804093906255
"MMD",0.806609039879884,0.872428889105412
"MMD",0.847597859950778,0.771952599623427
"MMD",0.806609039879884,0.872428889105412
"MMD",0.899967981469871,0.652083811417783
"MMD",0.838269809726626,0.882224819269099
"MMD",0.838269809726626,0.882224819269099
"MMD",0.838269809726626,0.882224819269099
"MMD",0.838269809726626,0.882224819269099
"MMD",0.838269809726626,0.882224819269099
"MMD",0.739389568475369,0.745648856514298
"MMD",0.640221628117801,0.97082607532175
"MMD",0.263816569052338,1.06415394201085
"MMD",0.838269809726626,0.882224819269099
"MMD",-0.667582226120948,0.942593398217978
"MMD",-0.562113199560065,0.996721076128647
"MMD",0.328899521338398,1.00009642573369
"MMD",0.58508849214373,1.03582735749958
"MMD",-0.630808429848367,0.8936108116892
"MMD",-0.138014051324954,1.11391122105846
"MMD",-0.138014051324954,1.11391122105846
"MMD",-0.890247750356684,0.279817826895568
"MMD",-0.956597395897942,-0.171604923551263
"MMD",-0.956597395897942,-0.171604923551263
"MMD",-0.053902073019528,1.23016021061361
"MMD",-0.053902073019528,1.23016021061361
"MMD",-0.053902073019528,1.23016021061361
"MMD",-0.751353845276794,0.785292121476522
"MMD",-0.906011982436698,0.421748109920373
"MMD",-0.822308434701857,0.552932728845062
"MMD",-0.822308434701857,0.552932728845062
"MMD",-0.822308434701857,0.552932728845062
"MMD",-0.822308434701857,0.552932728845062
"MMD",-0.822308434701857,0.552932728845062
"MMD",0.31164774689463,1.0093325256121
"MMD",0.174821205908378,1.23922089863779
"MMD",0.174821205908378,1.23922089863779
"MMD",0.432242091029547,1.15282406388181
"MMD",-0.193761276941948,1.08284919200196
"MMD",-0.357790384970895,1.34141595188269
"MMD",0.802054361593651,0.713853580613805
"MMD",-0.000810535046174787,1.25447802178871
"MMD",-0.380890996158974,0.949020440700642
"MMD",-0.190396363143678,1.13747043208059
"MMD",-0.404145991380921,1.13303844974116
"MMD",-0.404145991380921,1.13303844974116
"MMD",-0.404145991380921,1.13303844974116
"MMD",-0.282459215583247,1.27952127280017
"MMD",-0.0375833527192743,1.15265546823109
"MMD",-0.552955556540429,1.08893763595602
"MMD",-0.244253831327941,1.02146567914062
"MMD",-0.244253831327941,1.02146567914062
"MMD",0.74733702190702,1.03017975605126
"MMD",-0.189027619322834,1.14973546795412
"MMD",0.499741363521741,1.16236660635611
"MMD",0.120540477567121,1.20017897978131
"MMD",-0.357725725676721,1.25662146710752
"MMD",0.817315708083206,0.832658417591885
"MMD",0.692396916223725,0.900593615305257
"MMD",-0.607056557277885,0.834976147917896
"MMD",-0.317870846612307,1.11275500302538
"MMD",0.0831962382188762,1.36577165216588
"MMD",-0.459859162119004,1.04232791505963
"MMD",-0.0467328061341385,1.16760578953635
"MMD",-0.969798679758907,-0.00976073531569457
"MMD",-0.969798679758907,-0.00976073531569457
"MMD",-0.969798679758907,-0.00976073531569457
"MMD",-0.285388421684,1.15416013809585
"MMD",-0.285388421684,1.15416013809585
"MMD",-0.1522585897984,1.12629025874417
"MMD",0.682712052074373,1.06873008586571
"MMD",0.0380285131892135,1.24008430978784
"MMD",0.221986401052593,0.94355875870005
"MMD",0.682712052074373,1.06873008586571
"MMD",-0.619676664952262,1.09584977430499
"MMD",0.350518267198859,1.1428021688351
"MMD",-0.229457115493258,1.08469253483491
"MMD",-0.988399234301076,-0.601815048235538
"MMD",-0.988399234301076,-0.601815048235538
"MMD",-0.984017514393236,-0.643531850970849
"MMD",-0.986434495623696,-0.473849232420345
"MMD",-0.984017514393236,-0.643531850970849
"MMD",-0.516100427954461,1.03825951900709
"MMD",-0.516100427954461,1.03825951900709
"MMD",-0.444184366503941,1.05037076375416
"MMD",-0.649873148852191,1.01605854708602
"MMD",-0.389800247653764,1.14001121746304
"MMD",-0.284913671207704,1.125215492659
"MMD",-0.198096563786746,1.20672410158265
"MMD",-0.284913671207704,1.125215492659
"MMD",0.342188873425626,1.12417945637407
"MMD",0.342188873425626,1.12417945637407
"MMD",0.856634459767054,0.718634601729998
"MMD",0.575847154790935,0.949707029034272
"MMD",0.763050322012642,0.838222293173035
"MMD",0.424079608890077,0.872720204391948
"MMD",-0.858998034271622,0.493211716062578
"MMD",-0.115163808164154,1.3497574625029
"MMD",-0.684136327304696,0.811714163818069
"MMD",-0.859504734009419,0.91770484354081
"MMD",0.76800277698658,0.808609025040758
"MMD",0.76800277698658,0.808609025040758
"MMD",0.117860129771293,1.34334537402436
"MMD",0.710977786497603,1.00949812693047
"MMD",0.362775414327921,1.13135462802438
"MMD",0.653693551351571,0.878376195279769
"MMD",0.653693551351571,0.878376195279769
"MMD",0.758508096775889,0.703878883643344
"MMD",0.709812912135175,0.799609207029945
"MMD",0.680900422555823,0.78576939439416
"MMD",0.153292109712933,1.22302855134932
"MMD",-0.0571065241242512,1.30369337857753
"MMD",0.911100711675619,0.0919752523830978
"MMD",0.836421770509332,0.625126466456357
"MMD",0.740154943749694,0.703097109226201
"MMD",0.836421770509332,0.625126466456357
"MMD",0.827829762329851,0.622365627286427
"MMD",0.836421770509332,0.625126466456357
"MMD",0.516908259082337,1.08067680196192
"MMD",0.836421770509332,0.625126466456357
"MMD",0.836421770509332,0.625126466456357
"MMD",0.836421770509332,0.625126466456357
"MMD",-0.0372965999817743,1.21908253391688
"MMD",0.568169619438664,1.12493560405637
"MMD",0.419181436378406,1.02044991664152
"MMD",-0.443983088325889,1.33847055329579
"MMD",-0.822923249128121,0.751350234975352
"MMD",-0.640011295949617,0.948920913151148
"MMD",-0.525082115717052,1.24440751933111
"MMD",-0.525082115717052,1.24440751933111
"MMD",0.249452000302601,1.21301188433056
"MMD",-0.221358409514773,1.16053475638021
"MMD",-0.293539382424031,0.998904547403726
"MMD",0.348017572453198,1.09890078222341
"MMD",0.102183699851152,1.22895314098605
"MMD",0.104421245144396,1.07518300932788
"MMD",0.104421245144396,1.07518300932788
"MMD",-0.929462596385616,0.319943586096994
"MMD",-0.929462596385616,0.319943586096994
"MMD",-0.929462596385616,0.319943586096994
"MMD",0.725184564614054,0.65416295273913
"MMD",0.235669244060612,1.06955761456195
"MMD",0.853156863861181,0.818142123611886
"MMD",0.349467200621325,1.2234035134659
"MMD",0.313447273336351,1.18777640106728
"MMD",0.313447273336351,1.18777640106728
"MMD",0.313447273336351,1.18777640106728
"MMD",0.313447273336351,1.18777640106728
"MMD",0.351398999681642,1.19618444000135
"MMD",0.351398999681642,1.19618444000135
"MMD",0.545769914265736,0.863387792676383
"MMD",0.65972452478734,0.956343170655096
"MMD",0.701616684787976,0.936046370600939
"MMD",-0.337067372779749,1.32393098543763
"MMD",-0.730228411913147,0.841646966701207
"MMD",-0.836905949809011,0.541761683494431
"MMD",-0.730228411913147,0.841646966701207
"MMD",-0.730228411913147,0.841646966701207
"MMD",-0.0615005854080581,1.43565729509851
"MMD",0.643432648706528,0.860994920393969
"MMD",0.668465498834848,0.978825150590102
"MMD",0.668465498834848,0.978825150590102
"MMD",0.668465498834848,0.978825150590102
"MMD",0.446229423802113,1.30575998636544
"MMD",0.271716302715276,1.06318544673219
"MMD",0.668465498834848,0.978825150590102
"MMD",0.546381072271206,0.999412056464982
"MMD",0.668465498834848,0.978825150590102
"MMD",-0.62354833180725,1.00804339253484
"MMD",-0.62354833180725,1.00804339253484
"MMD",-0.189773802642406,1.28359651444605
"MMD",-0.436687845387769,1.13706980317564
"MMD",0.311983231163738,1.09944342533045
"MMD",0.740852746615474,0.674842539398238
"MMD",-0.0990783191502269,1.08266349202783
"MMD",-0.711093361514192,0.843403250759582
"MMD",-0.0990783191502269,1.08266349202783
"MMD",-0.0990783191502269,1.08266349202783
"MMD",-0.868006994504798,0.798827545026707
"MMD",-0.786455580033362,0.832106126642332
"MMD",-0.498693810111216,1.32588643648318
"MMD",-0.498693810111216,1.32588643648318
"MMD",-0.498693810111216,1.32588643648318
"MMD",-0.417670559353144,1.14678471369548
"MMD",-0.374124918457366,1.1310614698158
"MMD",0.21082310659242,1.12748069297355
"MMD",0.86085646291457,0.902598207236056
"MMD",0.146580962842399,1.18809185994158
"MMD",0.343724075727677,0.959747981679919
"MMD",0.3442043003991,0.947362586104642
"MMD",0.184654040929078,1.19027988515126
"MMD",0.184654040929078,1.19027988515126
"MMD",-0.169490518916293,1.38910793244236
